num,cell,label,url,kind,drive_name,local_file,status,error
A1,Dzongsar!E42,འཕགས་པ་ཤེས་རབ་ཀྱི་ཕ་རོལ་ཏུ་ཕྱིན་པ་སྡུད་པའི་ཚིགས་སུ་བཅད་པ། -Sentence- Segm,https://docs.google.com/document/d/1IKSqN0Xsb1TDB0gnZuxKRWtp1ljtQA2IpFbQS1zTpzY/edit?tab=t.0,doc,འཕགས་པ་ཤེས་རབ་ཀྱི་ཕ་རོལ་ཏུ་ཕྱིན་པ་སྡུད་པའི་ཚིགས་སུ་བཅད་པ། -Sentence- Segm,Summary/A1__འཕགས་པ་ཤེས་རབ་ཀྱི་ཕ་རོལ་ཏུ་ཕྱིན་པ་སྡུད་པའི་ཚིགས་སུ་བཅད་པ། -Sentence- Segm.docx,downloaded,
A2,Dzongsar!D45,R79FDDBD3 སྡུད་པ་ཚིགས་སུ་བཅད་པའི་འགྲེལ་པ། Segmentation,https://docs.google.com/document/d/1ldaw64w0l4ukwWi-Y_n1odAE57sfvAjk4OU1UXgYdwU/edit?tab=t.0,doc,R79FDDBD3 སྡུད་པ་ཚིགས་སུ་བཅད་པའི་འགྲེལ་པ། - Sentence - Segm,Summary/A2__R79FDDBD3 སྡུད་པ་ཚིགས་སུ་བཅད་པའི་འགྲེལ་པ། - Sentence - Segm.docx,downloaded,
A3,Dzongsar!F45,R79FDDBD3 སྡུད་པ་ཚིགས་སུ་བཅད་པའི་འགྲེལ་པ། - Citation,https://docs.google.com/document/d/1ocwjg_M6pXD1EodfDUudVjOl_TNpoYkWq7yJcGtNN0s/edit?tab=t.0,doc,R79FDDBD3 སྡུད་པ་ཚིགས་སུ་བཅད་པའི་འགྲེལ་པ། - Citation,Summary/A3__R79FDDBD3 སྡུད་པ་ཚིགས་སུ་བཅད་པའི་འགྲེལ་པ། - Citation.docx,downloaded,
A4,Dzongsar!D47,R0804AAA2 ཕགས་པ་མདོ་སྡུད་པའི་འགྲེལ་པ་རྒྱས་པ་སྤས་དོན་གསལ་བའི་སྒྲོན་མེ། - Sentence-Segm,https://docs.google.com/document/d/1D3zOF5AtfYFT-FQ871fQo68HkN5hftdB_Rsek2keSFg/edit?tab=t.0,doc,R0804AAA2 ཕགས་པ་མདོ་སྡུད་པའི་འགྲེལ་པ་རྒྱས་པ་སྤས་དོན་གསལ་བའི་སྒྲོན་མེ། - Sentence-Segm,Summary/A4__R0804AAA2 ཕགས་པ་མདོ་སྡུད་པའི་འགྲེལ་པ་རྒྱས་པ་སྤས་དོན་གསལ་བའི་སྒྲོན་མེ། - Sentence-Segm.docx,downloaded,
A5,Dzongsar!F47,R0804AAA2 ཕགས་པ་མདོ་སྡུད་པའི་འགྲེལ་པ་རྒྱས་པ་སྤས་དོན་གསལ་བའི་སྒྲོན་མེ། - Citation,https://docs.google.com/document/d/1_aUomQ7qEMDDcWlLU8msR1Wyn3dTseh1ma8dKvzYAUk/edit?tab=t.0,doc,R0804AAA2 ཕགས་པ་མདོ་སྡུད་པའི་འགྲེལ་པ་རྒྱས་པ་སྤས་དོན་གསལ་བའི་སྒྲོན་མེ།  - Citation,Summary/A5__R0804AAA2 ཕགས་པ་མདོ་སྡུད་པའི་འགྲེལ་པ་རྒྱས་པ་སྤས་དོན་གསལ་བའི་སྒྲོན་མེ།  - Citation.docx,downloaded,
D1,Tibetan!B137,M6BD866B7 འཕགས་པ་སྡུད་པ།,https://docs.google.com/document/d/1gQcFQ86R-AChkRz6ZXHs62YqMfeynECa3Tj9Z9MP4cY/edit,folder-item,M6BD866B7 འཕགས་པ་སྡུད་པ།  རྩ་བ།,Summary/D1__M6BD866B7 འཕགས་པ་སྡུད་པ།/Original Root text/M6BD866B7 འཕགས་པ་སྡུད་པ།  རྩ་བ།.docx,downloaded,
D1,Tibetan!B137,M6BD866B7 འཕགས་པ་སྡུད་པ།,https://docs.google.com/document/d/1lA6w6u9U_OXbvINlaNL8Q93Hmz9kqQeGYTldbGdP0VY/edit,folder-item,M6BD866B7 འཕགས་པ་སྡུད་པ།  རྩ་བ། - original,Summary/D1__M6BD866B7 འཕགས་པ་སྡུད་པ།/Original Root text/M6BD866B7 འཕགས་པ་སྡུད་པ།  རྩ་བ། - original.docx,downloaded,
D1,Tibetan!B137,M6BD866B7 འཕགས་པ་སྡུད་པ།,https://docs.google.com/document/d/13pdo26dF4DL8KZ9cuORqcvfkORIyTcWuDe2W-RBPpoc/edit,folder-item,Copy of ༄༅། ། འཕགས་པ་ཤེས་རབ་ཀྱི་ཕ་རོལ་ཏུ་ཕྱིན་པ་སྡུད་པའི་ཚིགས་སུ་བཅད་པ་བཞུགས་སོ། ། Segm,Summary/D1__M6BD866B7 འཕགས་པ་སྡུད་པ།/Other/Copy of ༄༅། ། འཕགས་པ་ཤེས་རབ་ཀྱི་ཕ་རོལ་ཏུ་ཕྱིན་པ་སྡུད་པའི་ཚིགས་སུ་བཅད་པ་བཞུགས་སོ། ། Segm.docx,downloaded,
D1,Tibetan!B137,M6BD866B7 འཕགས་པ་སྡུད་པ།,https://docs.google.com/document/d/1Z9tZ38Ui9Yy1Be9vTWTVktRLA8-tgO5dAD-zc3v09Tw/edit,folder-item,༄༅། །འཕགས་པ་ཤེས་རབ་ཀྱི་ཕ་རོལ་ཏུ་ཕྱིན་པ་སྡུད་པ་ཚིགས་སུ་བཅད་པ་བཞུགས་སོ། ། E2,Summary/D1__M6BD866B7 འཕགས་པ་སྡུད་པ།/Other/༄༅། །འཕགས་པ་ཤེས་རབ་ཀྱི་ཕ་རོལ་ཏུ་ཕྱིན་པ་སྡུད་པ་ཚིགས་སུ་བཅད་པ་བཞུགས་སོ། ། E2.docx,downloaded,
D1,Tibetan!B137,M6BD866B7 འཕགས་པ་སྡུད་པ།,https://docs.google.com/document/d/1ZIwiroZ7gOhZvOCRcaS5H3JZpFCiGo7WYHyi0M_hVX8/edit,folder-item,༄༅། །འཕགས་པ་ཤེས་རབ་ཀྱི་ཕ་རོལ་ཏུ་ཕྱིན་པ་སྡུད་པའི་ཚིགས་སུ་བཅད་པ་བཞུགས་སོ། ། E5,Summary/D1__M6BD866B7 འཕགས་པ་སྡུད་པ།/Other/༄༅། །འཕགས་པ་ཤེས་རབ་ཀྱི་ཕ་རོལ་ཏུ་ཕྱིན་པ་སྡུད་པའི་ཚིགས་སུ་བཅད་པ་བཞུགས་སོ། ། E5.docx,downloaded,
D1,Tibetan!B137,M6BD866B7 འཕགས་པ་སྡུད་པ།,https://docs.google.com/document/d/1Z9jzfNfvc2xj5yF59tZ8RfzE1ttyDE3Rj5dmMlbL0sc/edit,folder-item,འཕགས་པ་ཤེས་རབ་ཀྱི་ཕ་རོལ་ཏུ་ཕྱིན་པ་སྡུད་པ་ཚིགས་སུ་བཅད་པ།། E4,Summary/D1__M6BD866B7 འཕགས་པ་སྡུད་པ།/Other/འཕགས་པ་ཤེས་རབ་ཀྱི་ཕ་རོལ་ཏུ་ཕྱིན་པ་སྡུད་པ་ཚིགས་སུ་བཅད་པ།། E4.docx,downloaded,
D1,Tibetan!B137,M6BD866B7 འཕགས་པ་སྡུད་པ།,https://docs.google.com/spreadsheets/d/1wDhac2oL0UMpUbpe7YuD8NYuH7ZhnZ5ppv-NFovMeD8/edit,folder-item,R079A07C4,Summary/D1__M6BD866B7 འཕགས་པ་སྡུད་པ།/Resources/R079A07C4/R079A07C4.xlsx,downloaded,
D1,Tibetan!B137,M6BD866B7 འཕགས་པ་སྡུད་པ།,https://docs.google.com/document/d/1DNmaLOw3TavSUF5cQUKUD8yjkjgCdTe59sRSDNsy-3Q/edit,folder-item,R0804AAA2 ཕགས་པ་མདོ་སྡུད་པའི་འགྲེལ་པ་རྒྱས་པ་སྤས་དོན་གསལ་བའི་སྒྲོན་མེ།  Sacha,Summary/D1__M6BD866B7 འཕགས་པ་སྡུད་པ།/Resources/R0804AAA2 ཕགས་པ་མདོ་སྡུད་པའི་འགྲེལ་པ་རྒྱས་པ་སྤས་དོན་གསལ་བའི་སྒྲོན་མེ།/Others/R0804AAA2 ཕགས་པ་མདོ་སྡུད་པའི་འགྲེལ་པ་རྒྱས་པ་སྤས་དོན་གསལ་བའི་སྒྲོན་མེ།  Sacha.docx,downloaded,
D1,Tibetan!B137,M6BD866B7 འཕགས་པ་སྡུད་པ།,https://docs.google.com/document/d/1oL1L7N1WIt2j9EbbghMD6FmPe-Aux2HUsjoU8BnWPBo/edit,folder-item,R0804AAA2 ཕགས་པ་མདོ་སྡུད་པའི་འགྲེལ་པ་རྒྱས་པ་སྤས་དོན་གསལ་བའི་སྒྲོན་མེ། B-2,Summary/D1__M6BD866B7 འཕགས་པ་སྡུད་པ།/Resources/R0804AAA2 ཕགས་པ་མདོ་སྡུད་པའི་འགྲེལ་པ་རྒྱས་པ་སྤས་དོན་གསལ་བའི་སྒྲོན་མེ།/Others/R0804AAA2 ཕགས་པ་མདོ་སྡུད་པའི་འགྲེལ་པ་རྒྱས་པ་སྤས་དོན་གསལ་བའི་སྒྲོན་མེ། B-2.docx,downloaded,
D1,Tibetan!B137,M6BD866B7 འཕགས་པ་སྡུད་པ།,https://drive.google.com/file/d/1_GREhpTX0Hc5e6WLCCJDP1M3KEUNcc-M/view,folder-item,R0804AAA2 ཕགས་པ་མདོ་སྡུད་པའི་འགྲེལ་པ་རྒྱས་པ་སྤས་དོན་གསལ་བའི་སྒྲོན་མེ། B-2.pdf,Summary/D1__M6BD866B7 འཕགས་པ་སྡུད་པ།/Resources/R0804AAA2 ཕགས་པ་མདོ་སྡུད་པའི་འགྲེལ་པ་རྒྱས་པ་སྤས་དོན་གསལ་བའི་སྒྲོན་མེ།/Others/R0804AAA2 ཕགས་པ་མདོ་སྡུད་པའི་འགྲེལ་པ་རྒྱས་པ་སྤས་དོན་གསལ་བའི་སྒྲོན་མེ། B-2.pdf,downloaded,
D1,Tibetan!B137,M6BD866B7 འཕགས་པ་སྡུད་པ།,https://docs.google.com/document/d/1zTbvIrDzQcWdHEFLFdl5cHsIejjA1o-CuUOBAKaqmh0/edit,folder-item,R0804AAA2 ཕགས་པ་མདོ་སྡུད་པའི་འགྲེལ་པ་རྒྱས་པ་སྤས་དོན་གསལ་བའི་སྒྲོན་མེ། ས་བཅད།,Summary/D1__M6BD866B7 འཕགས་པ་སྡུད་པ།/Resources/R0804AAA2 ཕགས་པ་མདོ་སྡུད་པའི་འགྲེལ་པ་རྒྱས་པ་སྤས་དོན་གསལ་བའི་སྒྲོན་མེ།/Others/R0804AAA2 ཕགས་པ་མདོ་སྡུད་པའི་འགྲེལ་པ་རྒྱས་པ་སྤས་དོན་གསལ་བའི་སྒྲོན་མེ། ས་བཅད།.docx,downloaded,
D1,Tibetan!B137,M6BD866B7 འཕགས་པ་སྡུད་པ།,https://docs.google.com/document/d/1vzZyk8pErc3gvSwVkUniXWdNDTHPR5Gbfo0wYKO70Dw/edit,folder-item,R0804AAA2  འཕགས་པ་སྡུད་པ། - Root text Tsadrel,Summary/D1__M6BD866B7 འཕགས་པ་སྡུད་པ།/Resources/R0804AAA2 ཕགས་པ་མདོ་སྡུད་པའི་འགྲེལ་པ་རྒྱས་པ་སྤས་དོན་གསལ་བའི་སྒྲོན་མེ།/R0804AAA2  འཕགས་པ་སྡུད་པ། - Root text Tsadrel.docx,downloaded,
D1,Tibetan!B137,M6BD866B7 འཕགས་པ་སྡུད་པ།,https://docs.google.com/document/d/1_aUomQ7qEMDDcWlLU8msR1Wyn3dTseh1ma8dKvzYAUk/edit,folder-item,R0804AAA2 ཕགས་པ་མདོ་སྡུད་པའི་འགྲེལ་པ་རྒྱས་པ་སྤས་དོན་གསལ་བའི་སྒྲོན་མེ།  - Citation,Summary/D1__M6BD866B7 འཕགས་པ་སྡུད་པ།/Resources/R0804AAA2 ཕགས་པ་མདོ་སྡུད་པའི་འགྲེལ་པ་རྒྱས་པ་སྤས་དོན་གསལ་བའི་སྒྲོན་མེ།/R0804AAA2 ཕགས་པ་མདོ་སྡུད་པའི་འགྲེལ་པ་རྒྱས་པ་སྤས་དོན་གསལ་བའི་སྒྲོན་མེ།  - Citation.docx,downloaded,
D1,Tibetan!B137,M6BD866B7 འཕགས་པ་སྡུད་པ།,https://docs.google.com/document/d/1k55P2KOGkaOT1bpkPvEUFzKcb2nzlWX2CdjxM7X2nJE/edit,folder-item,R0804AAA2 ཕགས་པ་མདོ་སྡུད་པའི་འགྲེལ་པ་རྒྱས་པ་སྤས་དོན་གསལ་བའི་སྒྲོན་མེ།  - Clean Text,Summary/D1__M6BD866B7 འཕགས་པ་སྡུད་པ།/Resources/R0804AAA2 ཕགས་པ་མདོ་སྡུད་པའི་འགྲེལ་པ་རྒྱས་པ་སྤས་དོན་གསལ་བའི་སྒྲོན་མེ།/R0804AAA2 ཕགས་པ་མདོ་སྡུད་པའི་འགྲེལ་པ་རྒྱས་པ་སྤས་དོན་གསལ་བའི་སྒྲོན་མེ།  - Clean Text.docx,downloaded,
D1,Tibetan!B137,M6BD866B7 འཕགས་པ་སྡུད་པ།,https://docs.google.com/spreadsheets/d/1YbhzjO9JnhdN62eDxpBxAfWdUaAt_tZ7vHwEvLW-pgo/edit,folder-item,R0804AAA2 ཕགས་པ་མདོ་སྡུད་པའི་འགྲེལ་པ་རྒྱས་པ་སྤས་དོན་གསལ་བའི་སྒྲོན་མེ། - Metadata,Summary/D1__M6BD866B7 འཕགས་པ་སྡུད་པ།/Resources/R0804AAA2 ཕགས་པ་མདོ་སྡུད་པའི་འགྲེལ་པ་རྒྱས་པ་སྤས་དོན་གསལ་བའི་སྒྲོན་མེ།/R0804AAA2 ཕགས་པ་མདོ་སྡུད་པའི་འགྲེལ་པ་རྒྱས་པ་སྤས་དོན་གསལ་བའི་སྒྲོན་མེ། - Metadata.xlsx,downloaded,
D1,Tibetan!B137,M6BD866B7 འཕགས་པ་སྡུད་པ།,https://docs.google.com/document/d/1D3zOF5AtfYFT-FQ871fQo68HkN5hftdB_Rsek2keSFg/edit,folder-item,R0804AAA2 ཕགས་པ་མདོ་སྡུད་པའི་འགྲེལ་པ་རྒྱས་པ་སྤས་དོན་གསལ་བའི་སྒྲོན་མེ། - Sentence-Segm,Summary/D1__M6BD866B7 འཕགས་པ་སྡུད་པ།/Resources/R0804AAA2 ཕགས་པ་མདོ་སྡུད་པའི་འགྲེལ་པ་རྒྱས་པ་སྤས་དོན་གསལ་བའི་སྒྲོན་མེ།/R0804AAA2 ཕགས་པ་མདོ་སྡུད་པའི་འགྲེལ་པ་རྒྱས་པ་སྤས་དོན་གསལ་བའི་སྒྲོན་མེ། - Sentence-Segm.docx,downloaded,
D1,Tibetan!B137,M6BD866B7 འཕགས་པ་སྡུད་པ།,https://docs.google.com/document/d/1ozn2b7RORFfOyNMyhgpyvJuUW9yHKXNFc-WvL6UQtxc/edit,folder-item,R0804AAA2 ཕགས་པ་མདོ་སྡུད་པའི་འགྲེལ་པ་རྒྱས་པ་སྤས་དོན་གསལ་བའི་སྒྲོན་མེ། -Tsadrel,Summary/D1__M6BD866B7 འཕགས་པ་སྡུད་པ།/Resources/R0804AAA2 ཕགས་པ་མདོ་སྡུད་པའི་འགྲེལ་པ་རྒྱས་པ་སྤས་དོན་གསལ་བའི་སྒྲོན་མེ།/R0804AAA2 ཕགས་པ་མདོ་སྡུད་པའི་འགྲེལ་པ་རྒྱས་པ་སྤས་དོན་གསལ་བའི་སྒྲོན་མེ། -Tsadrel.docx,downloaded,
D1,Tibetan!B137,M6BD866B7 འཕགས་པ་སྡུད་པ།,https://docs.google.com/document/d/1sfTBl3PMiBQz2aJWahIbi3BM-Sw2kzJlNcG2lVXd2W4/edit,folder-item,R0804AAA2 ཕགས་པ་མདོ་སྡུད་པའི་འགྲེལ་པ་རྒྱས་པ་སྤས་དོན་གསལ་བའི་སྒྲོན་མེ། ས་བཅད། - TOC.docx,Summary/D1__M6BD866B7 འཕགས་པ་སྡུད་པ།/Resources/R0804AAA2 ཕགས་པ་མདོ་སྡུད་པའི་འགྲེལ་པ་རྒྱས་པ་སྤས་དོན་གསལ་བའི་སྒྲོན་མེ།/R0804AAA2 ཕགས་པ་མདོ་སྡུད་པའི་འགྲེལ་པ་རྒྱས་པ་སྤས་དོན་གསལ་བའི་སྒྲོན་མེ། ས་བཅད། - TOC.docx,downloaded,
D1,Tibetan!B137,M6BD866B7 འཕགས་པ་སྡུད་པ།,https://docs.google.com/document/d/1sS9G2VA9f6vmhgtLXOH462FSjYx0UOP_OiUXi73HhrU/edit,folder-item,R09FD3ABF ཡོན་ཏན་རིན་ཆེན་སྡུད་པའི་འགྲེལ་པ་རྒྱལ་བའི་ཡུམ་གྱི་དགོངས་དོན་ལ་ཕྱིན་ཅི་མ་ལོག་པར་འཇུག་པའི་ལེགས་བཤད་ཅེས་བྱ་བ་བཞུགས། - Sentence- Segn,Summary/D1__M6BD866B7 འཕགས་པ་སྡུད་པ།/Resources/R09FD3ABF/R09FD3ABF ཡོན་ཏན་རིན་ཆེན་སྡུད་པའི་འགྲེལ་པ་རྒྱལ་བའི་ཡུམ་གྱི་དགོངས་དོན་ལ་ཕྱིན་ཅི་མ་ལོག་པར་འཇུག་པའི་ལེགས་བཤད་ཅེས་བྱ་བ་བཞུགས། - Sentence- Segn.docx,downloaded,
D1,Tibetan!B137,M6BD866B7 འཕགས་པ་སྡུད་པ།,https://docs.google.com/document/d/1oBMEGV_fJrQi1HAmwFKGD1PYpTZrHgTzoT4qb5mgqGo/edit,folder-item,R09FD3ABF ཡོན་ཏན་རིན་ཆེན་སྡུད་པའི་འགྲེལ་པ་རྒྱལ་བའི་ཡུམ་གྱི་དགོངས་དོན་ལ་ཕྱིན་ཅི་མ་ལོག་པར་འཇུག་པའི་ལེགས་བཤད་ཅེས་བྱ་བ་བཞུགས། TOC,Summary/D1__M6BD866B7 འཕགས་པ་སྡུད་པ།/Resources/R09FD3ABF/R09FD3ABF ཡོན་ཏན་རིན་ཆེན་སྡུད་པའི་འགྲེལ་པ་རྒྱལ་བའི་ཡུམ་གྱི་དགོངས་དོན་ལ་ཕྱིན་ཅི་མ་ལོག་པར་འཇུག་པའི་ལེགས་བཤད་ཅེས་བྱ་བ་བཞུགས། TOC.docx,downloaded,
D1,Tibetan!B137,M6BD866B7 འཕགས་པ་སྡུད་པ།,https://docs.google.com/document/d/1H_uPmhQyXTzIu6oIhJY3_1RbdhFkHejbrQru9X8q4n8/edit,folder-item,R09FD3ABF ཡོན་ཏན་རིན་ཆེན་སྡུད་པའི་འགྲེལ་པ་རྒྱལ་བའི་ཡུམ་གྱི་དགོངས་དོན་ལ་ཕྱིན་ཅི་མ་ལོག་པར་འཇུག་པའི་ལེགས་བཤད་ཅེས་བྱ་བ་བཞུགས། Tsadel,Summary/D1__M6BD866B7 འཕགས་པ་སྡུད་པ།/Resources/R09FD3ABF/R09FD3ABF ཡོན་ཏན་རིན་ཆེན་སྡུད་པའི་འགྲེལ་པ་རྒྱལ་བའི་ཡུམ་གྱི་དགོངས་དོན་ལ་ཕྱིན་ཅི་མ་ལོག་པར་འཇུག་པའི་ལེགས་བཤད་ཅེས་བྱ་བ་བཞུགས། Tsadel.docx,downloaded,
D1,Tibetan!B137,M6BD866B7 འཕགས་པ་སྡུད་པ།,https://docs.google.com/document/d/1iik60pwblfrFHpFdUqhEwQXxEBZSHTss-F10gI-iv_M/edit,folder-item,R09FD3ABF ཡོན་ཏན་རིན་ཆེན་སྡུད་པའི་འགྲེལ་པ་རྒྱལ་བའི་ཡུམ་གྱི་དགོངས་དོན་ལ་ཕྱིན་ཅི་མ་ལོག་པར་འཇུག་པའི་ལེགས་བཤད་ཅེས་བྱ་བ་བཞུགས།-Clean text,Summary/D1__M6BD866B7 འཕགས་པ་སྡུད་པ།/Resources/R09FD3ABF/R09FD3ABF ཡོན་ཏན་རིན་ཆེན་སྡུད་པའི་འགྲེལ་པ་རྒྱལ་བའི་ཡུམ་གྱི་དགོངས་དོན་ལ་ཕྱིན་ཅི་མ་ལོག་པར་འཇུག་པའི་ལེགས་བཤད་ཅེས་བྱ་བ་བཞུགས།-Clean text.docx,downloaded,
D1,Tibetan!B137,M6BD866B7 འཕགས་པ་སྡུད་པ།,https://docs.google.com/spreadsheets/d/1o-AvaqVOgC1hzteAJTvYUYOUClRAQwSnectqsCWZX5c/edit,folder-item,R09FD3ABF ཡོན་ཏན་རིན་ཆེན་སྡུད་པའི་འགྲེལ་པ་རྒྱལ་བའི་ཡུམ་གྱི་དགོངས་དོན་ལ་ཕྱིན་ཅི་མ་ལོག་པར་འཇུག་པའི་ལེགས་བཤད་ཅེས་བྱ་བ་བཞུགས།-Metadata,Summary/D1__M6BD866B7 འཕགས་པ་སྡུད་པ།/Resources/R09FD3ABF/R09FD3ABF ཡོན་ཏན་རིན་ཆེན་སྡུད་པའི་འགྲེལ་པ་རྒྱལ་བའི་ཡུམ་གྱི་དགོངས་དོན་ལ་ཕྱིན་ཅི་མ་ལོག་པར་འཇུག་པའི་ལེགས་བཤད་ཅེས་བྱ་བ་བཞུགས།-Metadata.xlsx,downloaded,
D1,Tibetan!B137,M6BD866B7 འཕགས་པ་སྡུད་པ།,https://docs.google.com/document/d/18ZCBNW2mB0T39RCctFrosYZ_381gs3IeWzQjvTwJgVU/edit,folder-item,འཕགས་པ་སྡུད་པ། - Clean root Text,Summary/D1__M6BD866B7 འཕགས་པ་སྡུད་པ།/Resources/R09FD3ABF/འཕགས་པ་སྡུད་པ། - Clean root Text.docx,downloaded,
D1,Tibetan!B137,M6BD866B7 འཕགས་པ་སྡུད་པ།,https://docs.google.com/spreadsheets/d/12K3jhwv48SJp80IvFs0MXjVpcSiXJZ8qu7w3qPHPv8Y/edit,folder-item,R0A9FC480,Summary/D1__M6BD866B7 འཕགས་པ་སྡུད་པ།/Resources/R0A9FC480/R0A9FC480.xlsx,downloaded,
D1,Tibetan!B137,M6BD866B7 འཕགས་པ་སྡུད་པ།,https://docs.google.com/document/d/1J0Z0PcSN8Oix5-_UkylZEkbqvX1G7In-uJzx2loI09c/edit,folder-item,༄༅། །བཅོམ་ལྡན་འདས་ཡོན་ཏན་རིན་པོ་ཆེ་སྡུད་པའི་ཚིགས་སུ་བཅད་པའི་དཀའ་འགྲེལ་ཞེས་བྱ་བ། e3,Summary/D1__M6BD866B7 འཕགས་པ་སྡུད་པ།/Resources/R1A71B61A བཅོམ་ལྡན་འདས་ཡོན་ཏན་རིན་པོ་ཆེ་སྡུད་པའི་ཚིགས་སུ་བཅད་པའི་དཀའ་འགྲེལ་ཞེས་བྱ་བ།/Other/༄༅། །བཅོམ་ལྡན་འདས་ཡོན་ཏན་རིན་པོ་ཆེ་སྡུད་པའི་ཚིགས་སུ་བཅད་པའི་དཀའ་འགྲེལ་ཞེས་བྱ་བ། e3.docx,downloaded,
D1,Tibetan!B137,M6BD866B7 འཕགས་པ་སྡུད་པ།,https://docs.google.com/document/d/15sbKk4OJvAm27ohPH2Os82Ce2_Q78rbfjuyHkDwDwiY/edit,folder-item,བཅོམ་ལྡན་འདས་ཡོན་ཏན་རིན་པོ་ཆེ་སྡུད་པའི་ཚིགས་སུ་བཅད་པའི་དཀའ་འགྲེལ་ཞེས་བྱ་བ། e4,Summary/D1__M6BD866B7 འཕགས་པ་སྡུད་པ།/Resources/R1A71B61A བཅོམ་ལྡན་འདས་ཡོན་ཏན་རིན་པོ་ཆེ་སྡུད་པའི་ཚིགས་སུ་བཅད་པའི་དཀའ་འགྲེལ་ཞེས་བྱ་བ།/Other/བཅོམ་ལྡན་འདས་ཡོན་ཏན་རིན་པོ་ཆེ་སྡུད་པའི་ཚིགས་སུ་བཅད་པའི་དཀའ་འགྲེལ་ཞེས་བྱ་བ། e4.docx,downloaded,
D1,Tibetan!B137,M6BD866B7 འཕགས་པ་སྡུད་པ།,https://docs.google.com/document/d/1m8V-AwPaR0cdNYijIRRg6aeStHEYIk13xR6xWKcUOo8/edit,folder-item,R1A71B61A བཅོམ་ལྡན་འདས་ཡོན་ཏན་རིན་པོ་ཆེ་སྡུད་པའི་ཚིགས་སུ་བཅད་པའི་དཀའ་འགྲེལ་བ། - Citation,Summary/D1__M6BD866B7 འཕགས་པ་སྡུད་པ།/Resources/R1A71B61A བཅོམ་ལྡན་འདས་ཡོན་ཏན་རིན་པོ་ཆེ་སྡུད་པའི་ཚིགས་སུ་བཅད་པའི་དཀའ་འགྲེལ་ཞེས་བྱ་བ།/R1A71B61A བཅོམ་ལྡན་འདས་ཡོན་ཏན་རིན་པོ་ཆེ་སྡུད་པའི་ཚིགས་སུ་བཅད་པའི་དཀའ་འགྲེལ་བ། - Citation.docx,downloaded,
D1,Tibetan!B137,M6BD866B7 འཕགས་པ་སྡུད་པ།,https://docs.google.com/document/d/1CU6ZM0XES90t7G6K4zLPjkCnmD7Ett-oYU4e-RQvHI4/edit,folder-item,R1A71B61A བཅོམ་ལྡན་འདས་ཡོན་ཏན་རིན་པོ་ཆེ་སྡུད་པའི་ཚིགས་སུ་བཅད་པའི་དཀའ་འགྲེལ་བ། - Clean Text,Summary/D1__M6BD866B7 འཕགས་པ་སྡུད་པ།/Resources/R1A71B61A བཅོམ་ལྡན་འདས་ཡོན་ཏན་རིན་པོ་ཆེ་སྡུད་པའི་ཚིགས་སུ་བཅད་པའི་དཀའ་འགྲེལ་ཞེས་བྱ་བ།/R1A71B61A བཅོམ་ལྡན་འདས་ཡོན་ཏན་རིན་པོ་ཆེ་སྡུད་པའི་ཚིགས་སུ་བཅད་པའི་དཀའ་འགྲེལ་བ། - Clean Text.docx,downloaded,
D1,Tibetan!B137,M6BD866B7 འཕགས་པ་སྡུད་པ།,https://docs.google.com/spreadsheets/d/1XnCA1lnv4GofmeUlC5FmkMiMMcJXXRpbOnxINnky25Y/edit,folder-item,R1A71B61A བཅོམ་ལྡན་འདས་ཡོན་ཏན་རིན་པོ་ཆེ་སྡུད་པའི་ཚིགས་སུ་བཅད་པའི་དཀའ་འགྲེལ་བ། - Metadata,Summary/D1__M6BD866B7 འཕགས་པ་སྡུད་པ།/Resources/R1A71B61A བཅོམ་ལྡན་འདས་ཡོན་ཏན་རིན་པོ་ཆེ་སྡུད་པའི་ཚིགས་སུ་བཅད་པའི་དཀའ་འགྲེལ་ཞེས་བྱ་བ།/R1A71B61A བཅོམ་ལྡན་འདས་ཡོན་ཏན་རིན་པོ་ཆེ་སྡུད་པའི་ཚིགས་སུ་བཅད་པའི་དཀའ་འགྲེལ་བ། - Metadata.xlsx,downloaded,
D1,Tibetan!B137,M6BD866B7 འཕགས་པ་སྡུད་པ།,https://docs.google.com/document/d/1gYDg1ZuRn9Tr3TKPgozsjZQ_BxuUlyg00sUD-MOZ9M0/edit,folder-item,R1A71B61A བཅོམ་ལྡན་འདས་ཡོན་ཏན་རིན་པོ་ཆེ་སྡུད་པའི་ཚིགས་སུ་བཅད་པའི་དཀའ་འགྲེལ་བ། - Sentence-Segm,Summary/D1__M6BD866B7 འཕགས་པ་སྡུད་པ།/Resources/R1A71B61A བཅོམ་ལྡན་འདས་ཡོན་ཏན་རིན་པོ་ཆེ་སྡུད་པའི་ཚིགས་སུ་བཅད་པའི་དཀའ་འགྲེལ་ཞེས་བྱ་བ།/R1A71B61A བཅོམ་ལྡན་འདས་ཡོན་ཏན་རིན་པོ་ཆེ་སྡུད་པའི་ཚིགས་སུ་བཅད་པའི་དཀའ་འགྲེལ་བ། - Sentence-Segm.docx,downloaded,
D1,Tibetan!B137,M6BD866B7 འཕགས་པ་སྡུད་པ།,https://docs.google.com/document/d/1ASTAbTulOcAkYGzd4Ip3Xd06VRjcbFVnrwWhuQkuMu8/edit,folder-item,R1A71B61A བཅོམ་ལྡན་འདས་ཡོན་ཏན་རིན་པོ་ཆེ་སྡུད་པའི་ཚིགས་སུ་བཅད་པའི་དཀའ་འགྲེལ་བ། - TOC.docx,Summary/D1__M6BD866B7 འཕགས་པ་སྡུད་པ།/Resources/R1A71B61A བཅོམ་ལྡན་འདས་ཡོན་ཏན་རིན་པོ་ཆེ་སྡུད་པའི་ཚིགས་སུ་བཅད་པའི་དཀའ་འགྲེལ་ཞེས་བྱ་བ།/R1A71B61A བཅོམ་ལྡན་འདས་ཡོན་ཏན་རིན་པོ་ཆེ་སྡུད་པའི་ཚིགས་སུ་བཅད་པའི་དཀའ་འགྲེལ་བ། - TOC.docx,downloaded,
D1,Tibetan!B137,M6BD866B7 འཕགས་པ་སྡུད་པ།,https://docs.google.com/document/d/1RFav3271bw1KhU9kKEOPxism6XTv-RhWfjCSOKVbY5c/edit,folder-item,R1A71B61A བཅོམ་ལྡན་འདས་ཡོན་ཏན་རིན་པོ་ཆེ་སྡུད་པའི་ཚིགས་སུ་བཅད་པའི་དཀའ་འགྲེལ་བ། -Tsadrel,Summary/D1__M6BD866B7 འཕགས་པ་སྡུད་པ།/Resources/R1A71B61A བཅོམ་ལྡན་འདས་ཡོན་ཏན་རིན་པོ་ཆེ་སྡུད་པའི་ཚིགས་སུ་བཅད་པའི་དཀའ་འགྲེལ་ཞེས་བྱ་བ།/R1A71B61A བཅོམ་ལྡན་འདས་ཡོན་ཏན་རིན་པོ་ཆེ་སྡུད་པའི་ཚིགས་སུ་བཅད་པའི་དཀའ་འགྲེལ་བ། -Tsadrel.docx,downloaded,
D1,Tibetan!B137,M6BD866B7 འཕགས་པ་སྡུད་པ།,https://docs.google.com/document/d/10aLoI2xoVhfoNqi4kxWpsdxB9laCcUXNTjDUtzpqjgE/edit,folder-item,R1A71B61A འཕགས་པ་སྡུད་པ། - Root text Tsadrel,Summary/D1__M6BD866B7 འཕགས་པ་སྡུད་པ།/Resources/R1A71B61A བཅོམ་ལྡན་འདས་ཡོན་ཏན་རིན་པོ་ཆེ་སྡུད་པའི་ཚིགས་སུ་བཅད་པའི་དཀའ་འགྲེལ་ཞེས་བྱ་བ།/R1A71B61A འཕགས་པ་སྡུད་པ། - Root text Tsadrel.docx,downloaded,
D1,Tibetan!B137,M6BD866B7 འཕགས་པ་སྡུད་པ།,https://docs.google.com/spreadsheets/d/1W4Z5jNMK3cT5piC8mbvhcWQY-4ZBSipZY_ifknYQ8wc/edit,folder-item,R2497C495,Summary/D1__M6BD866B7 འཕགས་པ་སྡུད་པ།/Resources/R2497C495/R2497C495.xlsx,downloaded,
D1,Tibetan!B137,M6BD866B7 འཕགས་པ་སྡུད་པ།,https://docs.google.com/spreadsheets/d/1gwDeFu_eSiJGRKiyiCUECDQHa32XUDc7d30RPo26rQc/edit,folder-item,R2DF4CA44,Summary/D1__M6BD866B7 འཕགས་པ་སྡུད་པ།/Resources/R2DF4CA44/R2DF4CA44.xlsx,downloaded,
D1,Tibetan!B137,M6BD866B7 འཕགས་པ་སྡུད་པ།,https://docs.google.com/document/d/1SnymmfnjYQ5qPRZPO9jaGm56z6CWuoKOoF3j37DDX9s/edit,folder-item,སྡུད་པ་ཚིགས་སུ་བཅད་པའི་དཀའ་འགྲེལ། #e2,Summary/D1__M6BD866B7 འཕགས་པ་སྡུད་པ།/Resources/R303A8346 སྡུད་པའི་དཀའ་འགྲེལ།/Others/སྡུད་པ་ཚིགས་སུ་བཅད་པའི་དཀའ་འགྲེལ། #e2.docx,downloaded,
D1,Tibetan!B137,M6BD866B7 འཕགས་པ་སྡུད་པ།,https://docs.google.com/document/d/17fia_uxhDy33aUfcGUvUlq-fThsiR-Ww5s0i80vFpg0/edit,folder-item,R303A8346 འཕགས་པ་སྡུད་པ། - Root text Tsadrel,Summary/D1__M6BD866B7 འཕགས་པ་སྡུད་པ།/Resources/R303A8346 སྡུད་པའི་དཀའ་འགྲེལ།/R303A8346 འཕགས་པ་སྡུད་པ། - Root text Tsadrel.docx,downloaded,
D1,Tibetan!B137,M6BD866B7 འཕགས་པ་སྡུད་པ།,https://docs.google.com/document/d/1PIbP2Fbquk171t98nnKP4Yf_zr76-nBZeXGAjMSm-bY/edit,folder-item,R303A8346 སྡུད་པའི་དཀའ་འགྲེལ། - Clean Text,Summary/D1__M6BD866B7 འཕགས་པ་སྡུད་པ།/Resources/R303A8346 སྡུད་པའི་དཀའ་འགྲེལ།/R303A8346 སྡུད་པའི་དཀའ་འགྲེལ། - Clean Text.docx,downloaded,
D1,Tibetan!B137,M6BD866B7 འཕགས་པ་སྡུད་པ།,https://docs.google.com/document/d/1BEmWS5-zGGxH0m0Yz5b5COwdEbf-FrbKn3M5cRxzQi8/edit,folder-item,R303A8346 སྡུད་པའི་དཀའ་འགྲེལ། - Commentary Tsadrel Alignment,Summary/D1__M6BD866B7 འཕགས་པ་སྡུད་པ།/Resources/R303A8346 སྡུད་པའི་དཀའ་འགྲེལ།/R303A8346 སྡུད་པའི་དཀའ་འགྲེལ། - Commentary Tsadrel Alignment.docx,downloaded,
D1,Tibetan!B137,M6BD866B7 འཕགས་པ་སྡུད་པ།,https://docs.google.com/spreadsheets/d/1JXOkKuZwUMw-zUABaSA5Lv5u751XTDosaM-MlCg6lP4/edit,folder-item,R303A8346 སྡུད་པའི་དཀའ་འགྲེལ། - Metadata,Summary/D1__M6BD866B7 འཕགས་པ་སྡུད་པ།/Resources/R303A8346 སྡུད་པའི་དཀའ་འགྲེལ།/R303A8346 སྡུད་པའི་དཀའ་འགྲེལ། - Metadata.xlsx,downloaded,
D1,Tibetan!B137,M6BD866B7 འཕགས་པ་སྡུད་པ།,https://docs.google.com/document/d/1NCim3iH6h29TyqgZ9emxWXvJSgFF7dMK3qs-7bG2pKA/edit,folder-item,R303A8346 སྡུད་པའི་དཀའ་འགྲེལ། - TOC.docx,Summary/D1__M6BD866B7 འཕགས་པ་སྡུད་པ།/Resources/R303A8346 སྡུད་པའི་དཀའ་འགྲེལ།/R303A8346 སྡུད་པའི་དཀའ་འགྲེལ། - TOC.docx,downloaded,"doc has 2 tabs; extra tab(s) (t.86mmt4uqnnv6) are empty, so the single full export is complete"
D1,Tibetan!B137,M6BD866B7 འཕགས་པ་སྡུད་པ།,https://docs.google.com/spreadsheets/d/1oiFT8X4mikLyCRAhXf_wtSmdItRkIiSDmQV0uup5bi4/edit,folder-item,R497AAF55,Summary/D1__M6BD866B7 འཕགས་པ་སྡུད་པ།/Resources/R497AAF55/R497AAF55.xlsx,downloaded,
D1,Tibetan!B137,M6BD866B7 འཕགས་པ་སྡུད་པ།,https://docs.google.com/document/d/13n_BbUupBnNXF0cxe72EmHXhjiZuJNMXiwJf1MAfISw/edit,folder-item,མདོ་སྡུད་པའི་འགྲེལ་པ ་རྒྱལ་བའི་དགོངས་གསལ་བཞུགས། #e2,Summary/D1__M6BD866B7 འཕགས་པ་སྡུད་པ།/Resources/R4F72D488 མདོ་སྡུད་པའི་འགྲེལ་པ་རྒྱལ་བའི་དགོངས་གསལ་བཞུགས།/other/མདོ་སྡུད་པའི་འགྲེལ་པ ་རྒྱལ་བའི་དགོངས་གསལ་བཞུགས། #e2.docx,downloaded,
D1,Tibetan!B137,M6BD866B7 འཕགས་པ་སྡུད་པ།,https://docs.google.com/document/d/193IiCmIbEDhXs4KC77RiVjf_i6FTXtiafff2NSEFkYA/edit,folder-item,R4F72D488 མདོ་སྡུད་པའི་འགྲེལ་པ་རྒྱལ་བའི་དགོངས་གསལ་བཞུགས། - Clean Text,Summary/D1__M6BD866B7 འཕགས་པ་སྡུད་པ།/Resources/R4F72D488 མདོ་སྡུད་པའི་འགྲེལ་པ་རྒྱལ་བའི་དགོངས་གསལ་བཞུགས།/R4F72D488 མདོ་སྡུད་པའི་འགྲེལ་པ་རྒྱལ་བའི་དགོངས་གསལ་བཞུགས། - Clean Text.docx,downloaded,
D1,Tibetan!B137,M6BD866B7 འཕགས་པ་སྡུད་པ།,https://docs.google.com/spreadsheets/d/1593DlqgHYCkzH0ZwK4g2ckZBfBJaGh8TkpKCbYQUVvk/edit,folder-item,R4F72D488 མདོ་སྡུད་པའི་འགྲེལ་པ་རྒྱལ་བའི་དགོངས་གསལ་བཞུགས། - Metadata,Summary/D1__M6BD866B7 འཕགས་པ་སྡུད་པ།/Resources/R4F72D488 མདོ་སྡུད་པའི་འགྲེལ་པ་རྒྱལ་བའི་དགོངས་གསལ་བཞུགས།/R4F72D488 མདོ་སྡུད་པའི་འགྲེལ་པ་རྒྱལ་བའི་དགོངས་གསལ་བཞུགས། - Metadata.xlsx,downloaded,
D1,Tibetan!B137,M6BD866B7 འཕགས་པ་སྡུད་པ།,https://docs.google.com/document/d/1kiLeTCcQ5EkCNU1JUh0NzrXP1zJ9a0Gw41aQfT37VRs/edit,folder-item,R4F72D488 མདོ་སྡུད་པའི་འགྲེལ་པ་རྒྱལ་བའི་དགོངས་གསལ་བཞུགས། - TOC.docx,Summary/D1__M6BD866B7 འཕགས་པ་སྡུད་པ།/Resources/R4F72D488 མདོ་སྡུད་པའི་འགྲེལ་པ་རྒྱལ་བའི་དགོངས་གསལ་བཞུགས།/R4F72D488 མདོ་སྡུད་པའི་འགྲེལ་པ་རྒྱལ་བའི་དགོངས་གསལ་བཞུགས། - TOC.docx,downloaded,
D1,Tibetan!B137,M6BD866B7 འཕགས་པ་སྡུད་པ།,https://docs.google.com/document/d/1FSFvMVWbeRi8N4pT2QhNvPF2Mo5U4hd-pbqci-bT8uo/edit,folder-item,R4F72D488 མདོ་སྡུད་པའི་འགྲེལ་པ་རྒྱལ་བའི་དགོངས་གསལ་བཞུགས། -Tsadrel,Summary/D1__M6BD866B7 འཕགས་པ་སྡུད་པ།/Resources/R4F72D488 མདོ་སྡུད་པའི་འགྲེལ་པ་རྒྱལ་བའི་དགོངས་གསལ་བཞུགས།/R4F72D488 མདོ་སྡུད་པའི་འགྲེལ་པ་རྒྱལ་བའི་དགོངས་གསལ་བཞུགས། -Tsadrel.docx,downloaded,
D1,Tibetan!B137,M6BD866B7 འཕགས་པ་སྡུད་པ།,https://docs.google.com/document/d/18HPgew4huYu5NpSo-M89953XcacXPdaEtL4ipBJewLU/edit,folder-item,R4F72D488 མདོ་སྡུད་པའི་འགྲེལ་པ་རྒྱལ་བའི་དགོངས་གསལ་བཞུགས། Citation,Summary/D1__M6BD866B7 འཕགས་པ་སྡུད་པ།/Resources/R4F72D488 མདོ་སྡུད་པའི་འགྲེལ་པ་རྒྱལ་བའི་དགོངས་གསལ་བཞུགས།/R4F72D488 མདོ་སྡུད་པའི་འགྲེལ་པ་རྒྱལ་བའི་དགོངས་གསལ་བཞུགས། Citation.docx,downloaded,
D1,Tibetan!B137,M6BD866B7 འཕགས་པ་སྡུད་པ།,https://docs.google.com/document/d/1xH-5MshHcPWrenQM2SI4TDlQwogv9cGbbQfP2tGYlFk/edit,folder-item,R4F72D488 མདོ་སྡུད་པའི་འགྲེལ་པ་རྒྱལ་བའི་དགོངས་གསལ་བཞུགས། Sentenc-Segm,Summary/D1__M6BD866B7 འཕགས་པ་སྡུད་པ།/Resources/R4F72D488 མདོ་སྡུད་པའི་འགྲེལ་པ་རྒྱལ་བའི་དགོངས་གསལ་བཞུགས།/R4F72D488 མདོ་སྡུད་པའི་འགྲེལ་པ་རྒྱལ་བའི་དགོངས་གསལ་བཞུགས། Sentenc-Segm.docx,downloaded,
D1,Tibetan!B137,M6BD866B7 འཕགས་པ་སྡུད་པ།,https://docs.google.com/document/d/1afQHvAauX3-VJW2ENGxVMdGhUpVnVtKQM2y8aSMQZcg/edit,folder-item,R4F72D488 འཕགས་པ་སྡུད་པ། - Root text Tsadrel,Summary/D1__M6BD866B7 འཕགས་པ་སྡུད་པ།/Resources/R4F72D488 མདོ་སྡུད་པའི་འགྲེལ་པ་རྒྱལ་བའི་དགོངས་གསལ་བཞུགས།/R4F72D488 འཕགས་པ་སྡུད་པ། - Root text Tsadrel.docx,downloaded,
D1,Tibetan!B137,M6BD866B7 འཕགས་པ་སྡུད་པ།,https://docs.google.com/spreadsheets/d/1TDQ2nQWT-YgO6Pcgc4kaoee3czS0Em4QsYnesYTVUu0/edit,folder-item,R57CF0F88,Summary/D1__M6BD866B7 འཕགས་པ་སྡུད་པ།/Resources/R57CF0F88/R57CF0F88.xlsx,downloaded,
D1,Tibetan!B137,M6BD866B7 འཕགས་པ་སྡུད་པ།,https://docs.google.com/spreadsheets/d/1ChHMHSjVrw4AwUcUIm_u_gtOYnQ4thUQtuc70vqDHRk/edit,folder-item,R5BC935E3 འཕགས་པ་ཤེས་རབ་ཀྱི་ཕ་རོལ་ཏུ་ཕྱིན་པ་ཡོན་ཏན་རིན་པོ་ཆེ་སྡུད་པ་དང་། དེའི་འགྲེལ་པ་སྦས་དོན་གསལ་བའི་སྒྲོན་མེ།,Summary/D1__M6BD866B7 འཕགས་པ་སྡུད་པ།/Resources/R5BC935E3 འཕགས་པ་ཤེས་རབ་ཀྱི་ཕ་རོལ་ཏུ་ཕྱིན་པ་ཡོན་ཏན་རིན་པོ་ཆེ་སྡུད་པ་དང་། དེའི་འགྲེལ་པ་སྦས་དོན་གསལ་བའི་སྒྲོན་མེ།/R5BC935E3 འཕགས་པ་ཤེས་རབ་ཀྱི་ཕ་རོལ་ཏུ་ཕྱིན་པ་ཡོན་ཏན་རིན་པོ་ཆེ་སྡུད་པ་དང་། དེའི་འགྲེལ་པ་སྦས་དོན་གསལ་བའི་སྒྲོན་མེ།.xlsx,downloaded,
D1,Tibetan!B137,M6BD866B7 འཕགས་པ་སྡུད་པ།,https://docs.google.com/document/d/1-1UBUwPip2Ky3d7aNhYXk6KdUBgZ-NDkESYLuHACqO0/edit,folder-item,R5BC935E3 འཕགས་པ་ཤེས་རབ་ཀྱི་ཕ་རོལ་ཏུ་ཕྱིན་པ་ཡོན་ཏན་རིན་པོ་ཆེ་སྡུད་པ་དང་། དེའི་འགྲེལ་པ་སྦས་དོན་གསལ་བའི་སྒྲོན་མེ། - B2,Summary/D1__M6BD866B7 འཕགས་པ་སྡུད་པ།/Resources/R5BC935E3 འཕགས་པ་ཤེས་རབ་ཀྱི་ཕ་རོལ་ཏུ་ཕྱིན་པ་ཡོན་ཏན་རིན་པོ་ཆེ་སྡུད་པ་དང་། དེའི་འགྲེལ་པ་སྦས་དོན་གསལ་བའི་སྒྲོན་མེ།/R5BC935E3 འཕགས་པ་ཤེས་རབ་ཀྱི་ཕ་རོལ་ཏུ་ཕྱིན་པ་ཡོན་ཏན་རིན་པོ་ཆེ་སྡུད་པ་དང་། དེའི་འགྲེལ་པ་སྦས་དོན་གསལ་བའི་སྒྲོན་མེ། - B2.docx,downloaded,
D1,Tibetan!B137,M6BD866B7 འཕགས་པ་སྡུད་པ།,https://drive.google.com/file/d/12VKguRzwNx0LyM8nZz6QozqTrppQ6M_s/view,folder-item,R5BC935E3 འཕགས་པ་ཤེས་རབ་ཀྱི་ཕ་རོལ་ཏུ་ཕྱིན་པ་ཡོན་ཏན་རིན་པོ་ཆེ་སྡུད་པ་དང་། དེའི་འགྲེལ་པ་སྦས་དོན་གསལ་བའི་སྒྲོན་མེ། - B2.pdf,Summary/D1__M6BD866B7 འཕགས་པ་སྡུད་པ།/Resources/R5BC935E3 འཕགས་པ་ཤེས་རབ་ཀྱི་ཕ་རོལ་ཏུ་ཕྱིན་པ་ཡོན་ཏན་རིན་པོ་ཆེ་སྡུད་པ་དང་། དེའི་འགྲེལ་པ་སྦས་དོན་གསལ་བའི་སྒྲོན་མེ།/R5BC935E3 འཕགས་པ་ཤེས་རབ་ཀྱི་ཕ་རོལ་ཏུ་ཕྱིན་པ་ཡོན་ཏན་རིན་པོ་ཆེ་སྡུད་པ་དང་། དེའི་འགྲེལ་པ་སྦས་དོན་གསལ་བའི་སྒྲོན་མེ། - B2.pdf,downloaded,
D1,Tibetan!B137,M6BD866B7 འཕགས་པ་སྡུད་པ།,https://docs.google.com/spreadsheets/d/1627k1yYaVhgVShl7lxylkrCorkyyUWtIBOmoU0LJhDE/edit,folder-item,R5BEF9F86 ཡོན་ཏན་རིན་པོ་ཆེ་སྡུད་པ་ཚིགས་སུ་བཅད་པའི་འགྲེལ་པ་ཟབ་མོ་རྟེན་འབྱུང་གི་དེ་ཁོ་ན་ཉིད་གསལ་བར་བྱེད་པའི་ནོར་བུའི་སྒྲོན་མེ་སྐལ་བཟང་རེ་སྐོང,Summary/D1__M6BD866B7 འཕགས་པ་སྡུད་པ།/Resources/R5BEF9F86 ཡོན་ཏན་རིན་པོ་ཆེ་སྡུད་པ་ཚིགས་སུ་བཅད་པའི་འགྲེལ་པ་ཟབ་མོ་རྟེན་འབྱུང་གི་དེ་ཁོ་ན་ཉིད་གསལ་བར་བྱེད་པའི་ནོར་བུའི་སྒྲོན་མེ་སྐལ་བཟང་རེ་སྐོང/R5BEF9F86 ཡོན་ཏན་རིན་པོ་ཆེ་སྡུད་པ་ཚིགས་སུ་བཅད་པའི་འགྲེལ་པ་ཟབ་མོ་རྟེན་འབྱུང་གི་དེ་ཁོ་ན་ཉིད་གསལ་བར་བྱེད་པའི་ནོར་བུའི་སྒྲོན་མེ་སྐལ་བཟང་རེ་སྐོང.xlsx,downloaded,
D1,Tibetan!B137,M6BD866B7 འཕགས་པ་སྡུད་པ།,https://docs.google.com/spreadsheets/d/1yDvtrVIWqZroKhZWn0Pl3LP-32OM5Iw93wd4HaqsUl0/edit,folder-item,R5E3F1B5A,Summary/D1__M6BD866B7 འཕགས་པ་སྡུད་པ།/Resources/R5E3F1B5A/R5E3F1B5A.xlsx,downloaded,
D1,Tibetan!B137,M6BD866B7 འཕགས་པ་སྡུད་པ།,https://docs.google.com/spreadsheets/d/1uuKSjCAptTgolRRXejmW5ZxL9xpEiaZCYG4TjpDbTBE/edit,folder-item,R6BD866B7,Summary/D1__M6BD866B7 འཕགས་པ་སྡུད་པ།/Resources/R6BD866B7/R6BD866B7.xlsx,downloaded,
D1,Tibetan!B137,M6BD866B7 འཕགས་པ་སྡུད་པ།,https://docs.google.com/document/d/1stHgViyCI97EwejxJdaWEZtfXRXZneFHBdCAzpuQ8uo/edit,folder-item,R79FDDBD3 སྡུད་པ་ཚིགས་སུ་བཅད་པའི་འགྲེལ་པ། O-2(1-80)#,Summary/D1__M6BD866B7 འཕགས་པ་སྡུད་པ།/Resources/R79FDDBD3 སྡུད་པ་ཚིགས་སུ་བཅད་པའི་འགྲེལ་པ།/Other/R79FDDBD3 སྡུད་པ་ཚིགས་སུ་བཅད་པའི་འགྲེལ་པ། -ཡིག་རྐྱང་རྩེ་ཕུད། (Best E-text)/R79FDDBD3 སྡུད་པ་ཚིགས་སུ་བཅད་པའི་འགྲེལ་པ། O-2(1-80)#.docx,downloaded,
D1,Tibetan!B137,M6BD866B7 འཕགས་པ་སྡུད་པ།,https://docs.google.com/document/d/1QDhQU_fbLY1han4UgiQ3cdvfSFEiqJo52dl_bmfg9uI/edit,folder-item,R79FDDBD3 འཕགས་པ་སྡུད་པ། - Root text Tsadrel,Summary/D1__M6BD866B7 འཕགས་པ་སྡུད་པ།/Resources/R79FDDBD3 སྡུད་པ་ཚིགས་སུ་བཅད་པའི་འགྲེལ་པ།/Other/R79FDDBD3 འཕགས་པ་སྡུད་པ། - Root text Tsadrel.docx,downloaded,
D1,Tibetan!B137,M6BD866B7 འཕགས་པ་སྡུད་པ།,https://docs.google.com/document/d/1TpYD0SwngWKopaMMl1Ge3osKs_e3slidzHHIZfA1U_8/edit,folder-item,R79FDDBD3 སྡུད་པ་ཚིགས་སུ་བཅད་པའི་འགྲེལ་པ། - Commentary Tsadrel Alignment,Summary/D1__M6BD866B7 འཕགས་པ་སྡུད་པ།/Resources/R79FDDBD3 སྡུད་པ་ཚིགས་སུ་བཅད་པའི་འགྲེལ་པ།/Other/R79FDDBD3 སྡུད་པ་ཚིགས་སུ་བཅད་པའི་འགྲེལ་པ། - Commentary Tsadrel Alignment.docx,downloaded,
D1,Tibetan!B137,M6BD866B7 འཕགས་པ་སྡུད་པ།,https://drive.google.com/file/d/1sMc3U8d2065aLXCsjChsHxTZM3QwFwh2/view,folder-item,R79FDDBD3 སྡུད་པ་ཚིགས་སུ་བཅད་པའི་འགྲེལ་པ། O-2(1-80).pdf,Summary/D1__M6BD866B7 འཕགས་པ་སྡུད་པ།/Resources/R79FDDBD3 སྡུད་པ་ཚིགས་སུ་བཅད་པའི་འགྲེལ་པ།/Other/R79FDDBD3 སྡུད་པ་ཚིགས་སུ་བཅད་པའི་འགྲེལ་པ། O-2(1-80).pdf,downloaded,
D1,Tibetan!B137,M6BD866B7 འཕགས་པ་སྡུད་པ།,https://docs.google.com/document/d/1SFkikMRYjA9Bv1tZyKfwsbzFgiqitk2UJpgCJ_vggCY/edit,folder-item,R79FDDBD3 སྡུད་པ་ཚིགས་སུ་བཅད་པའི་འགྲེལ་པ། O-2(81-127),Summary/D1__M6BD866B7 འཕགས་པ་སྡུད་པ།/Resources/R79FDDBD3 སྡུད་པ་ཚིགས་སུ་བཅད་པའི་འགྲེལ་པ།/Other/R79FDDBD3 སྡུད་པ་ཚིགས་སུ་བཅད་པའི་འགྲེལ་པ། O-2(81-127).docx,downloaded,
D1,Tibetan!B137,M6BD866B7 འཕགས་པ་སྡུད་པ།,https://docs.google.com/document/d/11jLXZi5qbE0ZeEblpTtUIZ3ce17KUQZQ1s2a4z1qRxw/edit,folder-item,R79FDDBD3 སྡུད་པ་ཚིགས་སུ་བཅད་པའི་འགྲེལ་པ། O-2(81-127),Summary/D1__M6BD866B7 འཕགས་པ་སྡུད་པ།/Resources/R79FDDBD3 སྡུད་པ་ཚིགས་སུ་བཅད་པའི་འགྲེལ་པ།/Other/R79FDDBD3 སྡུད་པ་ཚིགས་སུ་བཅད་པའི་འགྲེལ་པ། O-2(81-127) (2).docx,downloaded,
D1,Tibetan!B137,M6BD866B7 འཕགས་པ་སྡུད་པ།,https://drive.google.com/file/d/1stdjJsdsDSBJs--aXwfedqS-TMFWzx46/view,folder-item,R79FDDBD3 སྡུད་པ་ཚིགས་སུ་བཅད་པའི་འགྲེལ་པ། O-2(81-127).pdf,Summary/D1__M6BD866B7 འཕགས་པ་སྡུད་པ།/Resources/R79FDDBD3 སྡུད་པ་ཚིགས་སུ་བཅད་པའི་འགྲེལ་པ།/Other/R79FDDBD3 སྡུད་པ་ཚིགས་སུ་བཅད་པའི་འགྲེལ་པ། O-2(81-127).pdf,downloaded,
D1,Tibetan!B137,M6BD866B7 འཕགས་པ་སྡུད་པ།,https://docs.google.com/document/d/1YYRy6Qb5hEOTmJxc9yT96EW-k1zoB36Qqx7_1nyIf3E/edit,folder-item,R79FDDBD3 སྡུད་པ་ཚིགས་སུ་བཅད་པའི་འགྲེལ་པ། ། - Clean text,Summary/D1__M6BD866B7 འཕགས་པ་སྡུད་པ།/Resources/R79FDDBD3 སྡུད་པ་ཚིགས་སུ་བཅད་པའི་འགྲེལ་པ།/Other/R79FDDBD3 སྡུད་པ་ཚིགས་སུ་བཅད་པའི་འགྲེལ་པ། ། - Clean text.docx,downloaded,
D1,Tibetan!B137,M6BD866B7 འཕགས་པ་སྡུད་པ།,https://docs.google.com/document/d/1ocwjg_M6pXD1EodfDUudVjOl_TNpoYkWq7yJcGtNN0s/edit,folder-item,R79FDDBD3 སྡུད་པ་ཚིགས་སུ་བཅད་པའི་འགྲེལ་པ། - Citation,Summary/D1__M6BD866B7 འཕགས་པ་སྡུད་པ།/Resources/R79FDDBD3 སྡུད་པ་ཚིགས་སུ་བཅད་པའི་འགྲེལ་པ།/R79FDDBD3 སྡུད་པ་ཚིགས་སུ་བཅད་པའི་འགྲེལ་པ། - Citation.docx,downloaded,
D1,Tibetan!B137,M6BD866B7 འཕགས་པ་སྡུད་པ།,https://docs.google.com/spreadsheets/d/1PXYvCJeWjvfE6v1Mj82-aU7f9hEuudIFsfkUX9BiQGo/edit,folder-item,R79FDDBD3 སྡུད་པ་ཚིགས་སུ་བཅད་པའི་འགྲེལ་པ། - Metadata,Summary/D1__M6BD866B7 འཕགས་པ་སྡུད་པ།/Resources/R79FDDBD3 སྡུད་པ་ཚིགས་སུ་བཅད་པའི་འགྲེལ་པ།/R79FDDBD3 སྡུད་པ་ཚིགས་སུ་བཅད་པའི་འགྲེལ་པ། - Metadata.xlsx,downloaded,
D1,Tibetan!B137,M6BD866B7 འཕགས་པ་སྡུད་པ།,https://docs.google.com/document/d/1ldaw64w0l4ukwWi-Y_n1odAE57sfvAjk4OU1UXgYdwU/edit,folder-item,R79FDDBD3 སྡུད་པ་ཚིགས་སུ་བཅད་པའི་འགྲེལ་པ། - Sentence - Segm,Summary/D1__M6BD866B7 འཕགས་པ་སྡུད་པ།/Resources/R79FDDBD3 སྡུད་པ་ཚིགས་སུ་བཅད་པའི་འགྲེལ་པ།/R79FDDBD3 སྡུད་པ་ཚིགས་སུ་བཅད་པའི་འགྲེལ་པ། - Sentence - Segm.docx,downloaded,
D1,Tibetan!B137,M6BD866B7 འཕགས་པ་སྡུད་པ།,https://docs.google.com/document/d/1f4J8g5K1BwvlAKgPfDpwowwqvlvM71KrC9ZIB1kIqO0/edit,folder-item,R79FDDBD3 སྡུད་པ་ཚིགས་སུ་བཅད་པའི་འགྲེལ་པ། - TOC,Summary/D1__M6BD866B7 འཕགས་པ་སྡུད་པ།/Resources/R79FDDBD3 སྡུད་པ་ཚིགས་སུ་བཅད་པའི་འགྲེལ་པ།/R79FDDBD3 སྡུད་པ་ཚིགས་སུ་བཅད་པའི་འགྲེལ་པ། - TOC.docx,downloaded,
D1,Tibetan!B137,M6BD866B7 འཕགས་པ་སྡུད་པ།,https://docs.google.com/document/d/1YfEy5HeOPS_hJWem8Jlvqb9MSYzw0b0JuZgT4-AjOIU/edit,folder-item,R79FDDBD3 སྡུད་པ་ཚིགས་སུ་བཅད་པའི་འགྲེལ་པ། - Tsadel,Summary/D1__M6BD866B7 འཕགས་པ་སྡུད་པ།/Resources/R79FDDBD3 སྡུད་པ་ཚིགས་སུ་བཅད་པའི་འགྲེལ་པ།/R79FDDBD3 སྡུད་པ་ཚིགས་སུ་བཅད་པའི་འགྲེལ་པ། - Tsadel.docx,downloaded,
D1,Tibetan!B137,M6BD866B7 འཕགས་པ་སྡུད་པ།,https://docs.google.com/document/d/1CnCBzDsOpeSdpB6QUJ5VtSmgqnFiftai-GNmeFISfCE/edit,folder-item,R79FDDBD3 སྡུད་པ་ཚིགས་སུ་བཅད་པའི་འགྲེལ་པ། ས་བཅད། - without content - TOC .docx,Summary/D1__M6BD866B7 འཕགས་པ་སྡུད་པ།/Resources/R79FDDBD3 སྡུད་པ་ཚིགས་སུ་བཅད་པའི་འགྲེལ་པ།/R79FDDBD3 སྡུད་པ་ཚིགས་སུ་བཅད་པའི་འགྲེལ་པ། ས་བཅད། - without content - TOC .docx,downloaded,
D1,Tibetan!B137,M6BD866B7 འཕགས་པ་སྡུད་པ།,https://docs.google.com/document/d/1mOzU8lm_k9pDJFf_ohnfvd7HYUftUUf6ZQJ4YIjlUXs/edit,folder-item,འཕགས་པ་སྡུད་པ། - Clean root Text,Summary/D1__M6BD866B7 འཕགས་པ་སྡུད་པ།/Resources/R79FDDBD3 སྡུད་པ་ཚིགས་སུ་བཅད་པའི་འགྲེལ་པ།/འཕགས་པ་སྡུད་པ། - Clean root Text.docx,downloaded,
D1,Tibetan!B137,M6BD866B7 འཕགས་པ་སྡུད་པ།,https://drive.google.com/file/d/1obRzzgezZBAyU6nZbumVyViryLoREIJf/view,folder-item,R7AABAABE ཡོན་ཏན་རིན་པོ་ཆེ་སྡུད་པ་ཚིགས་སུ་བཅད་པའི་འགྲེལ་པ། B-2.pdf,Summary/D1__M6BD866B7 འཕགས་པ་སྡུད་པ།/Resources/R7AABAABE ཡོན་ཏན་རིན་པོ་ཆེ་སྡུད་པ་ཚིགས་སུ་བཅད་པའི་འགྲེལ་པ།/Others/R7AABAABE ཡོན་ཏན་རིན་པོ་ཆེ་སྡུད་པ་ཚིགས་སུ་བཅད་པའི་འགྲེལ་པ། B-2.pdf,downloaded,
D1,Tibetan!B137,M6BD866B7 འཕགས་པ་སྡུད་པ།,https://docs.google.com/document/d/1cRhkrY-Z1nGQrpJ4R6H2sflnNKlo_DKZXFIEfG30gy0/edit,folder-item,R7AABAABE ཡོན་ཏན་རིན་པོ་ཆེ་སྡུད་པ་ཚིགས་སུ་བཅད་པའི་འགྲེལ་པ། Segmentation,Summary/D1__M6BD866B7 འཕགས་པ་སྡུད་པ།/Resources/R7AABAABE ཡོན་ཏན་རིན་པོ་ཆེ་སྡུད་པ་ཚིགས་སུ་བཅད་པའི་འགྲེལ་པ།/Others/R7AABAABE ཡོན་ཏན་རིན་པོ་ཆེ་སྡུད་པ་ཚིགས་སུ་བཅད་པའི་འགྲེལ་པ། Segmentation.docx,downloaded,
D1,Tibetan!B137,M6BD866B7 འཕགས་པ་སྡུད་པ།,https://docs.google.com/document/d/1Vm_R84tfJWZluV_mTMYKq44AOMPxFLy5b-u3qJvue3I/edit,folder-item,ས་བཅད།,Summary/D1__M6BD866B7 འཕགས་པ་སྡུད་པ།/Resources/R7AABAABE ཡོན་ཏན་རིན་པོ་ཆེ་སྡུད་པ་ཚིགས་སུ་བཅད་པའི་འགྲེལ་པ།/Others/ས་བཅད།.docx,downloaded,
D1,Tibetan!B137,M6BD866B7 འཕགས་པ་སྡུད་པ།,https://docs.google.com/document/d/1ybRoEb3cmiOrd6FlE6ObcmR0DFlodEjaoxMshjWl03M/edit,folder-item,R7AABAABE འཕགས་པ་སྡུད་པ། - Root text Tsadrel,Summary/D1__M6BD866B7 འཕགས་པ་སྡུད་པ།/Resources/R7AABAABE ཡོན་ཏན་རིན་པོ་ཆེ་སྡུད་པ་ཚིགས་སུ་བཅད་པའི་འགྲེལ་པ།/R7AABAABE འཕགས་པ་སྡུད་པ། - Root text Tsadrel.docx,downloaded,
D1,Tibetan!B137,M6BD866B7 འཕགས་པ་སྡུད་པ།,https://docs.google.com/document/d/1WYlrY3nsdeWRKAomWiqmmOQTm5s9Jlj2T6cKKci4cMA/edit,folder-item,R7AABAABE ཡོན་ཏན་རིན་པོ་ཆེ་སྡུད་པ་ཚིགས་སུ་བཅད་པའི་འགྲེལ་པ། - Clean Text,Summary/D1__M6BD866B7 འཕགས་པ་སྡུད་པ།/Resources/R7AABAABE ཡོན་ཏན་རིན་པོ་ཆེ་སྡུད་པ་ཚིགས་སུ་བཅད་པའི་འགྲེལ་པ།/R7AABAABE ཡོན་ཏན་རིན་པོ་ཆེ་སྡུད་པ་ཚིགས་སུ་བཅད་པའི་འགྲེལ་པ། - Clean Text.docx,downloaded,
D1,Tibetan!B137,M6BD866B7 འཕགས་པ་སྡུད་པ།,https://docs.google.com/document/d/1lnMx1gS87a7J-flJboS5-948wVXPqCL0VprCju-5EkQ/edit,folder-item,R7AABAABE ཡོན་ཏན་རིན་པོ་ཆེ་སྡུད་པ་ཚིགས་སུ་བཅད་པའི་འགྲེལ་པ། - Commentary Tsadrel Alignment,Summary/D1__M6BD866B7 འཕགས་པ་སྡུད་པ།/Resources/R7AABAABE ཡོན་ཏན་རིན་པོ་ཆེ་སྡུད་པ་ཚིགས་སུ་བཅད་པའི་འགྲེལ་པ།/R7AABAABE ཡོན་ཏན་རིན་པོ་ཆེ་སྡུད་པ་ཚིགས་སུ་བཅད་པའི་འགྲེལ་པ། - Commentary Tsadrel Alignment.docx,downloaded,
D1,Tibetan!B137,M6BD866B7 འཕགས་པ་སྡུད་པ།,https://docs.google.com/spreadsheets/d/1sxxR-dqsKTKv9G5_6FiN8nJSlyFzCnBvQyT7OQGn1b4/edit,folder-item,R7AABAABE ཡོན་ཏན་རིན་པོ་ཆེ་སྡུད་པ་ཚིགས་སུ་བཅད་པའི་འགྲེལ་པ། - Metadata,Summary/D1__M6BD866B7 འཕགས་པ་སྡུད་པ།/Resources/R7AABAABE ཡོན་ཏན་རིན་པོ་ཆེ་སྡུད་པ་ཚིགས་སུ་བཅད་པའི་འགྲེལ་པ།/R7AABAABE ཡོན་ཏན་རིན་པོ་ཆེ་སྡུད་པ་ཚིགས་སུ་བཅད་པའི་འགྲེལ་པ། - Metadata.xlsx,downloaded,
D1,Tibetan!B137,M6BD866B7 འཕགས་པ་སྡུད་པ།,https://docs.google.com/document/d/1I7wj0NiivYpqyd-GVU0rr2C_e6QV6pKLPpoxDpM5WN4/edit,folder-item,R7AABAABE ཡོན་ཏན་རིན་པོ་ཆེ་སྡུད་པ་ཚིགས་སུ་བཅད་པའི་འགྲེལ་པ། - TOC.docx,Summary/D1__M6BD866B7 འཕགས་པ་སྡུད་པ།/Resources/R7AABAABE ཡོན་ཏན་རིན་པོ་ཆེ་སྡུད་པ་ཚིགས་སུ་བཅད་པའི་འགྲེལ་པ།/R7AABAABE ཡོན་ཏན་རིན་པོ་ཆེ་སྡུད་པ་ཚིགས་སུ་བཅད་པའི་འགྲེལ་པ། - TOC.docx,downloaded,
D1,Tibetan!B137,M6BD866B7 འཕགས་པ་སྡུད་པ།,https://docs.google.com/spreadsheets/d/12q1bWlYWwfolizEtz-Ye4sX1RGzYb9gfXaY0vY_eTx8/edit,folder-item,R7E9A2010,Summary/D1__M6BD866B7 འཕགས་པ་སྡུད་པ།/Resources/R7E9A2010/R7E9A2010.xlsx,downloaded,
D1,Tibetan!B137,M6BD866B7 འཕགས་པ་སྡུད་པ།,https://docs.google.com/document/d/1LtCImJB1m6SqiP1gbrxoIJM8-cg0EXEhe6iWWN6N5QE/edit,folder-item,R825B644F མདོ་སྡུད་པ་ཚིགས་སུ་བཅད་པའི་འགྲེལ་པ་ཕ་རོལ་ཏུ་ཕྱིན་པའི་རྒྱ་མཚོའི་སྡེ་དང་། མདོ་དང་བསྟན་བཅོས་སྦྱར་ཚུལ་མ་ཕམ་ཞལ་ལུང་། །Clean Text,Summary/D1__M6BD866B7 འཕགས་པ་སྡུད་པ།/Resources/R825B644F/R825B644F མདོ་སྡུད་པ་ཚིགས་སུ་བཅད་པའི་འགྲེལ་པ་ཕ་རོལ་ཏུ་ཕྱིན་པའི་རྒྱ་མཚོའི་སྡེ་དང་། མདོ་དང་བསྟན་བཅོས་སྦྱར་ཚུལ་མ་ཕམ་ཞལ་ལུང་། །Clean Text.docx,downloaded,
D1,Tibetan!B137,M6BD866B7 འཕགས་པ་སྡུད་པ།,https://docs.google.com/spreadsheets/d/1nsaOoJhKaF55q5snGllSjNnWtPV1cDt69QcRiWWgu7Q/edit,folder-item,R825B644F འཕགས་པ་ཤེས་རབ་ཀྱི་ཕ་རོལ་ཏུ་ཕྱིན་པ་སྡུད་པ་ཚིགས་སུ་བཅད་པའི་ཊཱི་ཀ་ཡིད་བཞིན་གྱི་ནོར་བུ་རིན་པོ་ཆེ་ལྟ་བུ་ཕ་རོལ་ཏུ་ཕྱིན་པ་རྒྱ་མཚོའི་སྡེ་ཞེས་བྱ་བ་བཞུགས་སོ།། - Metadata,Summary/D1__M6BD866B7 འཕགས་པ་སྡུད་པ།/Resources/R825B644F/R825B644F འཕགས་པ་ཤེས་རབ་ཀྱི་ཕ་རོལ་ཏུ་ཕྱིན་པ་སྡུད་པ་ཚིགས་སུ་བཅད་པའི་ཊཱི་ཀ་ཡིད་བཞིན་གྱི་ནོར་བུ་རིན་པོ་ཆེ་ལྟ་བུ་ཕ་རོལ་ཏུ་ཕྱིན་པ་རྒྱ་མཚོའི་སྡེ་ཞེས་བྱ་བ་བཞུགས་སོ།། - Metadata.xlsx,downloaded,
D1,Tibetan!B137,M6BD866B7 འཕགས་པ་སྡུད་པ།,https://docs.google.com/document/d/1_BUO1mh1jR4Snd1hDhICNL1FfYQE7JIi5RfpNKIW3Os/edit,folder-item,R825B644F འཕགས་པ་ཤེས་རབ་ཀྱི་ཕ་རོལ་ཏུ་ཕྱིན་པ་སྡུད་པ་ཚིགས་སུ་བཅད་པའི་ཊཱི་ཀ་ཡིད་བཞིན་གྱི་ནོར་བུ་རིན་པོ་ཆེ་ལྟ་བུ་ཕ་རོལ་ཏུ་ཕྱིན་པ་རྒྱ་མཚོའི་སྡེ་ཞེས་བྱ་བ་བཞུགས་སོ།།-Sentence Segm,Summary/D1__M6BD866B7 འཕགས་པ་སྡུད་པ།/Resources/R825B644F/R825B644F འཕགས་པ་ཤེས་རབ་ཀྱི་ཕ་རོལ་ཏུ་ཕྱིན་པ་སྡུད་པ་ཚིགས་སུ་བཅད་པའི་ཊཱི་ཀ་ཡིད་བཞིན་གྱི་ནོར་བུ་རིན་པོ་ཆེ་ལྟ་བུ་ཕ་རོལ་ཏུ་ཕྱིན་པ་རྒྱ་མཚོའི་སྡེ་ཞེས་བྱ་བ་བཞུགས་སོ།།-Sentence Segm.docx,downloaded,
D1,Tibetan!B137,M6BD866B7 འཕགས་པ་སྡུད་པ།,https://docs.google.com/document/d/1uM1dsnn5I7OjEKguW7DeOoDAvbnvEHR8ddZ6pK2mwOA/edit,folder-item,R825B644F འཕགས་པ་ཤེས་རབ་ཀྱི་ཕ་རོལ་ཏུ་ཕྱིན་པ་སྡུད་པ་ཚིགས་སུ་བཅད་པའི་ཊཱི་ཀ་ཡིད་བཞིན་གྱི་ནོར་བུ་རིན་པོ་ཆེ་ལྟ་བུ་ཕ་རོལ་ཏུ་ཕྱིན་པ་རྒྱ་མཚོའི་སྡེ་ཞེས་བྱ་བ་བཞུགས་སོ།།-TOC,Summary/D1__M6BD866B7 འཕགས་པ་སྡུད་པ།/Resources/R825B644F/R825B644F འཕགས་པ་ཤེས་རབ་ཀྱི་ཕ་རོལ་ཏུ་ཕྱིན་པ་སྡུད་པ་ཚིགས་སུ་བཅད་པའི་ཊཱི་ཀ་ཡིད་བཞིན་གྱི་ནོར་བུ་རིན་པོ་ཆེ་ལྟ་བུ་ཕ་རོལ་ཏུ་ཕྱིན་པ་རྒྱ་མཚོའི་སྡེ་ཞེས་བྱ་བ་བཞུགས་སོ།།-TOC.docx,downloaded,
D1,Tibetan!B137,M6BD866B7 འཕགས་པ་སྡུད་པ།,https://docs.google.com/document/d/14FztZgUEayEpzKqKUsPXElx7O7uQWczRJH-DqqUU8MM/edit,folder-item,Testing,Summary/D1__M6BD866B7 འཕགས་པ་སྡུད་པ།/Resources/R825B644F/Testing.docx,downloaded,
D1,Tibetan!B137,M6BD866B7 འཕགས་པ་སྡུད་པ།,https://docs.google.com/spreadsheets/d/1hBJeCOnfkvGkTaA_nbXoAjDGddwcd5VcjdaiZZjvAs0/edit,folder-item,R82B32529,Summary/D1__M6BD866B7 འཕགས་པ་སྡུད་པ།/Resources/R82B32529/R82B32529.xlsx,downloaded,
D1,Tibetan!B137,M6BD866B7 འཕགས་པ་སྡུད་པ།,https://docs.google.com/document/d/1LcMIEOFdIQ3j6We0pNozCdKlexPM9cZkmcy_9wliXFE/edit,folder-item,༄༅། །འཕགས་པ་ཤེས་རབ་ཀྱི་ཕ་རོལ་ཏུ་ཕྱིན་པ་སྡུད་པ་མཆན་དང་བཅས་པ་བཞུགས་སོ། ། #e2,Summary/D1__M6BD866B7 འཕགས་པ་སྡུད་པ།/Resources/R895C324B ཤེས་རབ་ཀྱི་ཕ་རོལ་ཏུ་ཕྱིན་པ་སྡུད་པ་མཆན་དང་བཅས་པ།/Others/༄༅། །འཕགས་པ་ཤེས་རབ་ཀྱི་ཕ་རོལ་ཏུ་ཕྱིན་པ་སྡུད་པ་མཆན་དང་བཅས་པ་བཞུགས་སོ། ། #e2.docx,downloaded,
D1,Tibetan!B137,M6BD866B7 འཕགས་པ་སྡུད་པ།,https://docs.google.com/document/d/1SJ7Ak-9E3i_HkA2mKshb6YeOEiF770jrOw0bKVCsePI/edit,folder-item,R895C324B འཕགས་པ་སྡུད་པ། - Root text Tsadrel,Summary/D1__M6BD866B7 འཕགས་པ་སྡུད་པ།/Resources/R895C324B ཤེས་རབ་ཀྱི་ཕ་རོལ་ཏུ་ཕྱིན་པ་སྡུད་པ་མཆན་དང་བཅས་པ།/R895C324B འཕགས་པ་སྡུད་པ། - Root text Tsadrel.docx,downloaded,
D1,Tibetan!B137,M6BD866B7 འཕགས་པ་སྡུད་པ།,https://docs.google.com/document/d/1r2kxY6LdA6fBgjXaJouUNOMvTEHAV7CzUjZVpLC0lhY/edit,folder-item,R895C324B ཤེས་རབ་ཀྱི་ཕ་རོལ་ཏུ་ཕྱིན་པ་སྡུད་པ་མཆན་དང་བཅས་པ། - Clean Text,Summary/D1__M6BD866B7 འཕགས་པ་སྡུད་པ།/Resources/R895C324B ཤེས་རབ་ཀྱི་ཕ་རོལ་ཏུ་ཕྱིན་པ་སྡུད་པ་མཆན་དང་བཅས་པ།/R895C324B ཤེས་རབ་ཀྱི་ཕ་རོལ་ཏུ་ཕྱིན་པ་སྡུད་པ་མཆན་དང་བཅས་པ། - Clean Text.docx,downloaded,
D1,Tibetan!B137,M6BD866B7 འཕགས་པ་སྡུད་པ།,https://docs.google.com/document/d/1vI3VewBHS6_O2f0Ybhc5E4f2yCJcTSFuvQvHKgKPrP4/edit,folder-item,R895C324B ཤེས་རབ་ཀྱི་ཕ་རོལ་ཏུ་ཕྱིན་པ་སྡུད་པ་མཆན་དང་བཅས་པ། - Commentary Tsadrel Alignment,Summary/D1__M6BD866B7 འཕགས་པ་སྡུད་པ།/Resources/R895C324B ཤེས་རབ་ཀྱི་ཕ་རོལ་ཏུ་ཕྱིན་པ་སྡུད་པ་མཆན་དང་བཅས་པ།/R895C324B ཤེས་རབ་ཀྱི་ཕ་རོལ་ཏུ་ཕྱིན་པ་སྡུད་པ་མཆན་དང་བཅས་པ། - Commentary Tsadrel Alignment.docx,downloaded,
D1,Tibetan!B137,M6BD866B7 འཕགས་པ་སྡུད་པ།,https://docs.google.com/spreadsheets/d/11_5isqORfPOo4nxO-YbNw4Qi2rcr-rDrhHzVuAD0ym4/edit,folder-item,R895C324B ཤེས་རབ་ཀྱི་ཕ་རོལ་ཏུ་ཕྱིན་པ་སྡུད་པ་མཆན་དང་བཅས་པ། - Metadata,Summary/D1__M6BD866B7 འཕགས་པ་སྡུད་པ།/Resources/R895C324B ཤེས་རབ་ཀྱི་ཕ་རོལ་ཏུ་ཕྱིན་པ་སྡུད་པ་མཆན་དང་བཅས་པ།/R895C324B ཤེས་རབ་ཀྱི་ཕ་རོལ་ཏུ་ཕྱིན་པ་སྡུད་པ་མཆན་དང་བཅས་པ། - Metadata.xlsx,downloaded,
D1,Tibetan!B137,M6BD866B7 འཕགས་པ་སྡུད་པ།,https://docs.google.com/document/d/1uW48EU-4P2_v716AFixNfjLfI97dFSJqq3lM3cZP6Q8/edit,folder-item,R895C324B ཤེས་རབ་ཀྱི་ཕ་རོལ་ཏུ་ཕྱིན་པ་སྡུད་པ་མཆན་དང་བཅས་པ། - TOC.docx,Summary/D1__M6BD866B7 འཕགས་པ་སྡུད་པ།/Resources/R895C324B ཤེས་རབ་ཀྱི་ཕ་རོལ་ཏུ་ཕྱིན་པ་སྡུད་པ་མཆན་དང་བཅས་པ།/R895C324B ཤེས་རབ་ཀྱི་ཕ་རོལ་ཏུ་ཕྱིན་པ་སྡུད་པ་མཆན་དང་བཅས་པ། - TOC.docx,downloaded,
D1,Tibetan!B137,M6BD866B7 འཕགས་པ་སྡུད་པ།,https://docs.google.com/spreadsheets/d/19iUvoscR2KSzZXBeKw4m5nxKNvMgHbtmJ_IQqoxoIls/edit,folder-item,R8ECBB1CC,Summary/D1__M6BD866B7 འཕགས་པ་སྡུད་པ།/Resources/R8ECBB1CC/R8ECBB1CC.xlsx,downloaded,
D1,Tibetan!B137,M6BD866B7 འཕགས་པ་སྡུད་པ།,https://docs.google.com/spreadsheets/d/1awRX8P4gt7P6IwxYIZgzWGZfxd70aq0eGnPA6QvEzHI/edit,folder-item,R9046D996,Summary/D1__M6BD866B7 འཕགས་པ་སྡུད་པ།/Resources/R9046D996/R9046D996.xlsx,downloaded,
D1,Tibetan!B137,M6BD866B7 འཕགས་པ་སྡུད་པ།,https://docs.google.com/spreadsheets/d/1iIZEk29gPThxfCd1iSThfYloITBcktBt101QYI2gBT8/edit,folder-item,R91D08E9C,Summary/D1__M6BD866B7 འཕགས་པ་སྡུད་པ།/Resources/R91D08E9C/R91D08E9C.xlsx,downloaded,
D1,Tibetan!B137,M6BD866B7 འཕགས་པ་སྡུད་པ།,https://docs.google.com/spreadsheets/d/15w75CCkgIpNKqZqavznQ7ptb6ien7zF4fznM8B6IIHc/edit,folder-item,R98262A63,Summary/D1__M6BD866B7 འཕགས་པ་སྡུད་པ།/Resources/R98262A63/R98262A63.xlsx,downloaded,
D1,Tibetan!B137,M6BD866B7 འཕགས་པ་སྡུད་པ།,https://docs.google.com/spreadsheets/d/1W3VDwYkujSQXJo4lJ5uSDs5krsAWGPNuSPsczoFbs50/edit,folder-item,RA7464745,Summary/D1__M6BD866B7 འཕགས་པ་སྡུད་པ།/Resources/RA7464745/RA7464745.xlsx,downloaded,
D1,Tibetan!B137,M6BD866B7 འཕགས་པ་སྡུད་པ།,https://docs.google.com/spreadsheets/d/1zRAY4mlDupvA_7B6hXafoGZg5XHxqAwq5UJm55hU59E/edit,folder-item,RC98038D4 གྲོ་ལུང་པ་བློ་གྲོས་འབྱུང་གནས་ཀྱིས་མཛད་པ་མདོ་སྡུད་པའི་འགྲེལ་པ།,Summary/D1__M6BD866B7 འཕགས་པ་སྡུད་པ།/Resources/RC98038D4  གྲོ་ལུང་པ་བློ་གྲོས་འབྱུང་གནས་ཀྱིས་མཛད་པ་མདོ་སྡུད་པའི་འགྲེལ་པ།/RC98038D4 གྲོ་ལུང་པ་བློ་གྲོས་འབྱུང་གནས་ཀྱིས་མཛད་པ་མདོ་སྡུད་པའི་འགྲེལ་པ།.xlsx,downloaded,
D1,Tibetan!B137,M6BD866B7 འཕགས་པ་སྡུད་པ།,https://docs.google.com/spreadsheets/d/1jQxvbF0V7oNtukYfrQlBvh0tRYf4lS_-6Wy5OTPpzZk/edit,folder-item,RCE48111C ཨར་བྱང་ཆུབ་ཡེ་ཤེས་ཀྱིས་མཛད་པའི་སྡུད་པ་ཚིགས་སུ་བཅད་པའི་འགྲེལ་བ།,Summary/D1__M6BD866B7 འཕགས་པ་སྡུད་པ།/Resources/RCE48111C ཨར་བྱང་ཆུབ་ཡེ་ཤེས་ཀྱིས་མཛད་པའི་སྡུད་པ་ཚིགས་སུ་བཅད་པའི་འགྲེལ་བ།/RCE48111C ཨར་བྱང་ཆུབ་ཡེ་ཤེས་ཀྱིས་མཛད་པའི་སྡུད་པ་ཚིགས་སུ་བཅད་པའི་འགྲེལ་བ།.xlsx,downloaded,
D1,Tibetan!B137,M6BD866B7 འཕགས་པ་སྡུད་པ།,https://docs.google.com/spreadsheets/d/1x6tv36q5NDOR_2WhpzidmCmzhjdBiF3FwoW59QbpUSE/edit,folder-item,RD35CB309,Summary/D1__M6BD866B7 འཕགས་པ་སྡུད་པ།/Resources/RD35CB309/RD35CB309.xlsx,downloaded,
D1,Tibetan!B137,M6BD866B7 འཕགས་པ་སྡུད་པ།,https://docs.google.com/spreadsheets/d/1B35IvIdeiB4GscJXtytQZW2prsp9QsOKjXghhmDPs3s/edit,folder-item,RF99B40AB འཕགས་པ་ཤེས་རབ་ཀྱི་ཕ་རོལ་ཏུ་ཕྱིན་པ་ཡོན་ཏན་རིན་པོ་ཆེ་སྡུད་པ་དང་། དེའི་འགྲེལ་པ་སྦས་དོན་གསལ་བའི་སྒྲོན་མེ།,Summary/D1__M6BD866B7 འཕགས་པ་སྡུད་པ།/Resources/RF99B40AB འཕགས་པ་ཤེས་རབ་ཀྱི་ཕ་རོལ་ཏུ་ཕྱིན་པ་ཡོན་ཏན་རིན་པོ་ཆེ་སྡུད་པ་དང་། དེའི་འགྲེལ་པ་སྦས་དོན་གསལ་བའི་སྒྲོན་མེ།/RF99B40AB འཕགས་པ་ཤེས་རབ་ཀྱི་ཕ་རོལ་ཏུ་ཕྱིན་པ་ཡོན་ཏན་རིན་པོ་ཆེ་སྡུད་པ་དང་། དེའི་འགྲེལ་པ་སྦས་དོན་གསལ་བའི་སྒྲོན་མེ།.xlsx,downloaded,
D1,Tibetan!B137,M6BD866B7 འཕགས་པ་སྡུད་པ།,https://docs.google.com/spreadsheets/d/15c_K3Q3J9W4Cmy6Q0lQwggtqd770_e2kUcamBVIm9PA/edit,folder-item,Resources_catalog རྒྱུ་ཆའི་དཀར་ཆག,Summary/D1__M6BD866B7 འཕགས་པ་སྡུད་པ།/Resources/Resources_catalog རྒྱུ་ཆའི་དཀར་ཆག.xlsx,downloaded,
D1,Tibetan!B137,M6BD866B7 འཕགས་པ་སྡུད་པ།,https://docs.google.com/document/d/1YgJa8bxW6BH1vxTmf9D_vEgj_djsl3h82NL5i_Kmwnc/edit,folder-item,M6BD866B7 འཕགས་པ་སྡུད་པ། - Clean Tsawa,Summary/D1__M6BD866B7 འཕགས་པ་སྡུད་པ།//M6BD866B7 འཕགས་པ་སྡུད་པ། - Clean Tsawa.docx,downloaded,
D1,Tibetan!B137,M6BD866B7 འཕགས་པ་སྡུད་པ།,https://docs.google.com/document/d/1IKSqN0Xsb1TDB0gnZuxKRWtp1ljtQA2IpFbQS1zTpzY/edit,folder-item,འཕགས་པ་ཤེས་རབ་ཀྱི་ཕ་རོལ་ཏུ་ཕྱིན་པ་སྡུད་པའི་ཚིགས་སུ་བཅད་པ། -Sentence- Segm,Summary/D1__M6BD866B7 འཕགས་པ་སྡུད་པ།//འཕགས་པ་ཤེས་རབ་ཀྱི་ཕ་རོལ་ཏུ་ཕྱིན་པ་སྡུད་པའི་ཚིགས་སུ་བཅད་པ། -Sentence- Segm.docx,downloaded,
D1,Tibetan!B137,M6BD866B7 འཕགས་པ་སྡུད་པ།,https://docs.google.com/spreadsheets/d/1cn7KKStWixPzVkheDrKyp4jedxWddw_sl4QUKunZCcI/edit,folder-item,འཕགས་པ་སྡུད་པ། - Metadata,Summary/D1__M6BD866B7 འཕགས་པ་སྡུད་པ།//འཕགས་པ་སྡུད་པ། - Metadata.xlsx,downloaded,
D2,Tibetan!C138,མདོ་སྡུད་པའི་འགྲེལ་པ ་རྒྱལ་བའི་དགོངས་གསལ་བཞུགས། #e2,https://drive.google.com/open?id=13n_BbUupBnNXF0cxe72EmHXhjiZuJNMXiwJf1MAfISw&usp=drive_copy,doc,མདོ་སྡུད་པའི་འགྲེལ་པ ་རྒྱལ་བའི་དགོངས་གསལ་བཞུགས། #e2,Summary/D2__མདོ་སྡུད་པའི་འགྲེལ་པ ་རྒྱལ་བའི་དགོངས་གསལ་བཞུགས། #e2.docx,downloaded,
D3,Tibetan!C139,༄༅། །བཅོམ་ལྡན་འདས་ཡོན་ཏན་རིན་པོ་ཆེ་སྡུད་པའི་ཚིགས་སུ་བཅད་པའི་དཀའ་འགྲེལ་ཞེས་བྱ་བ། #e2,https://drive.google.com/open?id=1ASTAbTulOcAkYGzd4Ip3Xd06VRjcbFVnrwWhuQkuMu8&usp=drive_copy,doc,R1A71B61A བཅོམ་ལྡན་འདས་ཡོན་ཏན་རིན་པོ་ཆེ་སྡུད་པའི་ཚིགས་སུ་བཅད་པའི་དཀའ་འགྲེལ་བ། - TOC.docx,Summary/D3__R1A71B61A བཅོམ་ལྡན་འདས་ཡོན་ཏན་རིན་པོ་ཆེ་སྡུད་པའི་ཚིགས་སུ་བཅད་པའི་དཀའ་འགྲེལ་བ། - TOC.docx,downloaded,
D4,Tibetan!C140,སྡུད་པ་ཚིགས་སུ་བཅད་པའི་དཀའ་འགྲེལ། #e2,https://drive.google.com/open?id=1SnymmfnjYQ5qPRZPO9jaGm56z6CWuoKOoF3j37DDX9s&usp=drive_copy,doc,སྡུད་པ་ཚིགས་སུ་བཅད་པའི་དཀའ་འགྲེལ། #e2,Summary/D4__སྡུད་པ་ཚིགས་སུ་བཅད་པའི་དཀའ་འགྲེལ། #e2.docx,downloaded,
D5,Tibetan!C141,༄༅། །འཕགས་པ་ཤེས་རབ་ཀྱི་ཕ་རོལ་ཏུ་ཕྱིན་པ་སྡུད་པ་མཆན་དང་བཅས་པ་བཞུགས་སོ། ། #e2,https://drive.google.com/open?id=1LcMIEOFdIQ3j6We0pNozCdKlexPM9cZkmcy_9wliXFE&usp=drive_copy,doc,༄༅། །འཕགས་པ་ཤེས་རབ་ཀྱི་ཕ་རོལ་ཏུ་ཕྱིན་པ་སྡུད་པ་མཆན་དང་བཅས་པ་བཞུགས་སོ། ། #e2,Summary/D5__༄༅། །འཕགས་པ་ཤེས་རབ་ཀྱི་ཕ་རོལ་ཏུ་ཕྱིན་པ་སྡུད་པ་མཆན་དང་བཅས་པ་བཞུགས་སོ། ། #e2.docx,downloaded,