Entries,BO,EN
author,ཤཱ་ས་ན་དཱི་བཾ།,Shasana Dibam
composition_date,,
source,http://purl.bdrc.io/resource/MW1NLM4947_O1NLM4947_001,
presentation,,
usage_title,,
title_short,ཤཱ་ས་ན་དཱི་བཾ། སྡུད་འགྲེལ་སྤས་དོན་གསལ་བའི་སྒྲོན་མེ།,"Shasana Dibam, A Lamp Illuminating the Hidden Meaning"
title_long_clean,ཕགས་པ་མདོ་སྡུད་པའི་འགྲེལ་པ་རྒྱས་པ་སྤས་དོན་གསལ་བའི་སྒྲོན་མེ།,The Extensive Commentary on the Noble Sutra Compendium: A Lamp Illuminating the Hidden Meaning
title_alt_1,,
title_alt_2,,
title_alt_3,,
title_alt_4,,
title_alt_5,,
is_commentary_of,མདོ་སྡུད་པ།,The Summarized Sūtra
is_version_of,,
language,bo,