index	syllables	pieces	method	preview
6	62	1	STAGE2_MANUAL	སྤྲོས་པས་གསུངས་པ་གོ་བའི་སེམས་ཅན་རྒྱས་པ་ལ་དགའ་བས་ཁོང་དུ་ཆུད་པ
8	52	1	STAGE2_MANUAL	ལེགས་པར་སྦྱར་བ་དང་ལེགས་པར་སྦྱར་བ་མ་ཡིན་པའི་སྒྲ་ལ་མངོན་པར་ཞེན
9	44	1	STAGE2_MANUAL	སེམས་བསྐྱེད་པ་ལ་སོགས་པའི་ཡོན་ཏན་རིན་པོ་ཆེ་བསྡུས་པའི་ངོ་བོ་ཙམ
15	71	1	STAGE2_MANUAL	འདས་མ་ཐག་ཏུ་བསྟན་པའི་བརྗོད་པར་བྱ་བ་འཕགས་པ་ཤེས་རབ་ཀྱི་ཕ་རོལ་ཏ
17	85	1	STAGE2_MANUAL	ཇི་སྐད་བསྟན་པ་ཉིད་ཀྱི་བརྗོད་པར་བྱ་བ་ཉན་ཐོས་ལ་སོགས་པས་མ་རྟོགས
18	30	2	citation-split	དེ་སྐད་དུ་ཡང་།
རྣམ་པ་ཐམས་ཅད་མཁྱེན་ཉིད་ལམ། །
སྟོན་པས་འདི་ལས་བ
23	77	1	STAGE2_MANUAL	གང་གི་ཚེ་བཅོམ་ལྡན་འདས་རྒྱལ་པོའི་ཁབ་ཀྱི་གྲོང་ཁྱེར་ཆེན་པོའི་བྱ
28	42	1	STAGE2_MANUAL	དེ་ལ་སངས་རྒྱས་ཉིད་དོན་དུ་གཉེར་བའི་བྱང་ཆུབ་སེམས་དཔའ་སེམས་བསྐྱ
39	24	2	citation-split	ཞེས་བྱ་བ་ནས།
ཡོངས་སུ་མི་སྟོན་ཕྱིར་མི་ལྡོག་པ་ས་ཡི་ཆོས། །
མི་འ
45	42	1	STAGE2_MANUAL	དེའི་རྗེས་ལ་རྩེ་མོའི་མངོན་པར་རྟོགས་པ་ཐོབ་པ་དང་ལྡན་པས་སོ་སོ་ད
47	46	1	STAGE2_MANUAL	དེའི་རྗེས་ལ་མཐར་གྱིས་པའི་མངོན་པར་རྟོགས་པ་སྒོམ་པ་དང་ལྡན་པས་ཤི
49	67	1	STAGE2_MANUAL	དེའི་རྗེས་ལ་སྐད་ཅིག་མ་གཅིག་ལ་མངོན་པར་རྫོགས་པར་བྱང་ཆུབ་པ་བསྒོ
61	48	1	STAGE2_MANUAL	དེའི་རྗེས་ལ་ཆོས་ཀྱི་རྣམ་གྲངས་འདིའི་མིང་དོན་དང་ལྡན་པ་རྟོགས་པ་
71	51	1	STAGE2_MANUAL	དེ་དག་ཅེས་བྱ་བའི་ཚིག་གིས་ནི་མ་ནིང་ལ་སོགས་པ་ཉོན་མོངས་པ་ཤས་ཆེ་
78	76	1	STAGE2_MANUAL	ཡང་དག་པར་དགའ་བར་མཛད་པའི་ཕྱིར་ཞེས་བྱ་བ་ཕྱིན་ཅི་མ་ལོག་པའི་བརྩོ
80	41	1	STAGE2_MANUAL	ཡང་ན་ཡང་དག་པར་དགའ་བར་མཛད་པའི་ཕྱིར་ཞེས་བྱ་བ་ནི་རང་ཉིད་ངག་ལ་དབ
113	49	1	STAGE2_MANUAL	དེས་ན་འདི་སྐད་དུ་བྱང་ཆུབ་སེམས་དཔའ་སེམས་དཔའ་ཆེན་པོས་གཟུགས་བརྙ
119	75	1	STAGE2_MANUAL	ཡང་དག་པར་རྫོགས་པའི་སངས་རྒྱས་ཐོབ་ནས་སྐལ་བ་ཇི་ལྟ་བ་བཞིན་དུ་གཞན
129	46	1	STAGE2_MANUAL	དེ་ལྟ་ཡིན་ན་ཅིའི་ཕྱིར་སྟོང་ཕྲག་བརྒྱ་པ་ལས་བྱང་ཆུབ་སེམས་དཔའི་ལ
134	43	1	STAGE2_MANUAL	འོན་ཀྱང་བྱང་ཆུབ་སེམས་དཔའི་ལམ་བསྟན་པས་ལྡོག་པའི་སྒོ་ནས་ཡང་འཕངས
141	52	1	STAGE2_MANUAL	ངེས་པར་འབྱུང་བའི་སྒྲུབ་པའི་རབ་ཏུ་དབྱེ་བ་རྟོགས་པར་བྱ་བའི་ཕྱིར
144	42	1	STAGE2_MANUAL	དེ་ནས་གོ་རིམས་བཞིན་དུ་བསྒོམ་པའི་ཆོས་རྣམས་ཤིན་ཏུ་གོམས་པར་བྱས་
145	47	1	STAGE2_MANUAL	དེའི་རྗེས་ལ་རྣམ་པ་ཐམས་ཅད་མངོན་དུ་བྱེད་པ་ཆེད་དུ་བྱ་བ་གསུམ་མངོ
150	41	1	STAGE2_MANUAL	དེ་ལྟ་བུའི་དོན་ཀྱང་འགེགས་ན་ནི་ཡོད་པའི་ཐ་སྙད་ཐམས་ཅད་རྒྱུན་འཆད
168	51	1	STAGE2_MANUAL	ཕྱོགས་གཉིས་པ་ཁས་ལེན་ན་དེའི་ཚེ་སྣང་བའི་དོན་ལ་བསྙོན་རྟོལ་བྱ་བར
170	51	1	STAGE2_MANUAL	དེ་ལྟར་སེམས་བསྐྱེད་པ་ཙམ་གྱི་བདག་ཉིད་ཤེས་རབ་ཀྱི་ཕ་རོལ་ཏུ་ཕྱིན
171	43	1	STAGE2_MANUAL	གང་དེ་ལྟ་ཡིན་ན་ཇི་ལྟར་ཆོས་འདི་ཉིད་རྟོགས་པ་དང་མི་ལྡན་པས་སྟོང་
184	19	2	citation-split	དེ་དག་སྐྱེད་བྱེད་ནི་གསོ་བར་བྱེད་པ་དང་།
འཕེལ་བར་བྱེད་པ་ཞེས་བྱ
195	58	1	STAGE2_MANUAL	ཐེག་པ་ཆེན་པོར་ཉན་ཐོས་ལ་སོགས་པའི་མྱ་ངན་ལས་འདས་པ་དང་འབྲེལ་པར་མ
216	68	1	STAGE2_MANUAL	རིགས་པའི་སྟོབས་ཀྱིས་གང་ལས་སྤྱི་དངོས་པོ་མ་ལུས་པ་སྒྱུ་མ་ལྟ་བུར
217	66	1	STAGE2_MANUAL	རྣམ་པ་ཐམས་ཅད་དུ་གདམས་པའི་ངོ་བོ་ཡོངས་སུ་གཅོད་པ་མི་སྲིད་པས་དེ་
235	58	1	STAGE2_MANUAL	དེ་ལྟ་བས་ན་ཀུན་རྫོབ་ཉམས་སུ་མྱོང་བའི་དོན་བཀག་ན་མངོན་སུམ་ལ་སོག
245	44	1	STAGE2_MANUAL	དེས་རང་གི་བསྟན་པའི་རྒྱུ་མཚན་གྱིས་གྲོལ་བར་མི་རིགས་པར་ངེས་པར་ཤ
264	45	1	STAGE2_MANUAL	འདི་སྐད་དུ་ཆོས་ཉིད་རབ་ཏུ་མི་ཤེས་པར་གཟུགས་ཀྱི་སྤྱིའི་མཚན་ཉིད་
285	54	1	STAGE2_MANUAL	འདི་སྐད་དུ་ཆོས་འདི་ཉིད་ནི་གཉེན་པོ་ཡིན་པའི་ཕྱིར་སྤྱོད་པ་དང་མི
296	42	1	STAGE2_MANUAL	རྣམ་པ་བསྒོམས་པ་ན་ཐ་དད་པའི་དོན་ལ་མངོན་པར་ཞེན་པ་མེད་པར་ཅུང་ཟད་
298	47	1	STAGE2_MANUAL	གང་གི་ཚེ་ཡང་བསྒོམས་པའི་སྟོབས་ཀྱིས་ཆུང་ངུ་ལ་སོགས་པའི་གསལ་བར་ས
299	57	1	STAGE2_MANUAL	གང་གི་ཚེ་ཡང་སེམས་ཙམ་ཉིད་ལ་གནས་ནས་གསལ་བར་སྣང་བ་འབྲིང་དང་ཆུང་ང
300	45	1	STAGE2_MANUAL	གང་གི་ཚེ་ཡང་དོན་ལ་འཛིན་པ་སྤངས་ནས་མི་སྣང་བའི་ཆུང་ངུ་ལ་སོགས་པའ
302	65	1	STAGE2_MANUAL	དེ་ཉིད་ལས་བརྩམས་ཏེ་རྣམ་པར་རྟོག་པ་བྱང་ཆུབ་སེམས་དཔའི་སྒྲིབ་པ་ར
308	47	1	STAGE2_MANUAL	དེ་ལ་བཟློག་ན་གནོད་པ་ཅན་གྱི་ཚད་མའི་སྟོབས་ཀྱིས་སྒྱུ་མ་ལྟ་བུའི་
313	44	1	STAGE2_MANUAL	རྣམ་པ་ཐམས་ཅད་ཀྱི་དེ་ཁོ་ན་ཉིད་ཀྱི་ངོ་བོ་འཛིན་པའི་ཕྱིར་དེ་ནི་མ
329	46	1	STAGE2_MANUAL	གཞན་ཡང་དོར་བར་བྱ་བ་ཉིད་ནི་ཀུན་ནས་ཉོན་མོངས་པའི་རྟེན་ཅན་བཟུང་བ
333	41	1	STAGE2_MANUAL	དེ་གཉིས་དེ་ཉིད་ནས་བརྩམས་ཏེ་མངོན་པར་ཞེན་པའི་ཡུལ་དང་ལྷན་ཅིག་ཏུ
338	51	1	STAGE2_MANUAL	བྱང་ཆུབ་སེམས་དཔའ་གང་གིས་ཀྱང་རྫས་སུ་ཡོད་པའི་རང་བཞིན་དུ་འཛིན་པ
340	43	1	STAGE2_MANUAL	དེས་ནི་ཡང་སྐྱེས་བུ་རྫས་སུ་ཡོད་པའི་རྟེན་ཅན་འཛིན་པའི་རྣམ་པར་རྟ
343	56	1	STAGE2_MANUAL	འོན་ཀྱང་ཕུང་པོ་འདི་སྒྱུ་མ་ལྟ་བུར་སྔར་བསྟན་པ་བཞིན་དུ་ཤེས་པར་ག
345	45	1	STAGE2_MANUAL	བྱང་ཆུབ་སེམས་དཔའ་གང་གིས་བསྟན་མ་ཐག་པའི་ཆོས་དེ་ལྟ་བུ་ཤེས་པ་དེ་
349	45	1	STAGE2_MANUAL	རྣམ་པར་རྟོག་པ་བཞི་པོ་འདི་རྣམས་ཉེ་བར་འདུས་པའི་གདུལ་བྱའི་སྐྱེ་
354	55	1	STAGE2_MANUAL	འདི་ནི་སྙིང་པོ་ཡིན་པས་ཕན་ཚུན་སྤངས་ཏེ་གནས་པའི་མཚན་ཉིད་དེ་ལ་ཕུ
357	41	1	STAGE2_MANUAL	དེ་ཉིད་ཀྱི་ཐོབ་པ་ལ་སོགས་པའི་ཤེས་པ་སྐྱེས་ནས་རིགས་པ་དང་ལུང་གི་
368	49	1	STAGE2_MANUAL	གང་གི་ཕྱིར་གཟུགས་ལ་སོགས་པ་ཐམས་ཅད་ལ་ཆགས་པར་བྱེད་པ་ནི་མངོན་པར་
381	45	1	STAGE2_MANUAL	གང་ཆོས་ཀྱི་དབྱིངས་ཉིད་རྟག་ཏུ་རྣམ་པར་དག་པ་གཉིས་སུ་མེད་པའི་ཡེ་
384	65	1	STAGE2_MANUAL	དེ་ལྟ་ཡིན་ན་ཐོས་པ་དང་བསམས་པའི་ཤེས་པས་ངེས་པའི་དངོས་པོའི་རང་བཞ
399	46	1	STAGE2_MANUAL	དེ་ཉིད་ཀྱང་རྟོགས་པ་ཆེན་པོ་མེད་ན་མི་འབྱུང་བས་དེ་དག་གིས་དེ་ཡང་
403	55	1	STAGE2_MANUAL	དེ་ཡང་ཐམས་ཅད་མཁྱེན་པ་ཉིད་གསུམ་གྱི་ཡུལ་དང་ལྡན་པ་དཀར་པོའི་ཆོས་
423	56	1	STAGE2_MANUAL	ཡང་དེའི་སྐྱེ་བོ་ཕལ་པོ་ཆེའི་ཚོགས་ཀྱི་མགོ་རྣམ་པ་མང་པོ་བྱེ་བ་གཅ
454	44	1	STAGE2_MANUAL	གལ་ཏེ་དེ་ལྟ་ན་ཐེག་པ་ཆེན་པོ་དེ་ཁོ་ན་ཉིད་ཀྱི་ཁྱད་པར་རྟོགས་པ་མེ
470	47	1	STAGE2_MANUAL	དེའི་སྡུག་བསྔལ་གྱི་འདུ་ཤེས་སྐྱེས་པས་སྦྱིན་པ་ལ་སོགས་པ་རྣམས་ལ་
474	67	1	STAGE2_MANUAL	བདེན་པ་གཉིས་ཐ་དད་པར་གཉིས་ཀྱི་རང་བཞིན་དུ་མི་རྟོག་ཅིང་ཡིད་ལ་མི
507	89	1	STAGE2_MANUAL	རང་གི་ལམ་ཐབས་ལ་མཁས་པའི་ཕ་རོལ་ཏུ་ཕྱིན་པའི་རབ་ཏུ་རྟོགས་པ་ཐོབ་ན
510	47	1	STAGE2_MANUAL	དེ་བཞིན་ཉིད་དང་དེ་བཞིན་སྟོང་ཞེས་བྱ་བ་འདིས་ནི་རབ་ཏུ་འབྱེད་པའི
512	80	1	STAGE2_MANUAL	འདིར་རྟག་པ་ལ་སོགས་པའི་ཆོས་ཀྱི་གཉེན་པོ་མི་རྟག་པ་ལ་སོགས་པའི་རྣ
514	46	1	STAGE2_MANUAL	དེ་ཉིད་ཀྱི་ཕྱིར་དབང་པོ་རྟུལ་པོ་དང་འབྲིང་དང་རྣོན་པོ་ལ་མི་རྟག་
516	58	1	STAGE2_MANUAL	དེ་བཞིན་གཤེགས་པའི་སར་མི་གནས་ཤིང་རྣམ་པ་ཐམས་ཅད་དུ་ཉན་ཐོས་ལ་སོག
524	52	1	STAGE2_MANUAL	གང་གིས་ན་དེ་ཉིད་གྱི་ལམ་ལ་ཁྱད་པར་གྱི་ཅི་ཡོད་སྙམ་པའི་དོགས་པ་བས
537	41	1	STAGE2_MANUAL	གང་གི་ཕྱིར་རང་གི་མཚན་ཉིད་དངོས་པོའི་བདག་རྒྱུར་རུང་བས་འཛིན་པར་
538	53	1	STAGE2_MANUAL	གཟུང་བའི་རྣམ་པར་རྟོག་པ་བཀག་པ་ན་ཡང་གཟུགས་ལ་སོགས་པ་ལ་འཛིན་པའི་
551	42	1	STAGE2_MANUAL	ཡང་དག་པར་རྫོགས་པའི་སངས་རྒྱས་མངོན་དུ་བྱེད་པ་དེ་དག་ཐམས་ཅད་ནི་འ
563	65	1	STAGE2_MANUAL	ཤེས་རབ་འབྲིང་གི་སྟོབས་ཀྱིས་ཆོས་ཉིད་ལྷག་པ་མཐོང་བ་ཉིད་ཇི་སྐད་བ
575	87	1	STAGE2_MANUAL	ལྷག་མ་ཉོན་མོངས་པ་སྤོང་བ་ནི་སྔར་བསྟན་པའི་ལམ་གྱི་ངོ་བོ་ལ་མངོན་
576	76	1	STAGE2_MANUAL	ཇི་ལྟ་བུར་གྱུར་པའི་རྒྱལ་བའི་སྲས་ཀྱིས་མཐོང་བའི་ལམ་ཐོབ་པའི་སྟོ
583	44	1	STAGE2_MANUAL	དེ་ལྟར་བསྒོམས་པས་མཐོང་བའི་ལམ་འཇིག་རྟེན་པའི་ཆོས་ཀྱི་མཆོག་གི་ར
600	50	1	STAGE2_MANUAL	དེ་བས་ན་མིང་བཏགས་པ་ཡིན་པར་ཤེས་ནས་བདག་མེད་པའི་རྣམ་པ་བསྒོམས་པས
606	50	1	STAGE2_MANUAL	སྐྱེ་བོའི་ཚོགས་གཞན་གྱིས་ཀྱང་དེ་བཞིན་དུ་ཡོད་དོ་ཞེས་བྱ་བར་སྤྱོ
629	59	1	STAGE2_MANUAL	གསེར་གྱི་སྒྲོམ་བུ་འབྱུང་ཁུངས་ནས་ཐོབ་པ་བཞིན་དུ་ཡོངས་སུ་རྫོགས་
677	59	1	STAGE2_MANUAL	གང་གི་རྒྱལ་བའི་སྐུ་གདུང་གིས་དོག་ས་ཐམས་ཅད་ཁྱབ་པར་གཏམས་ཏེ་རྩེ་
690	54	1	STAGE2_MANUAL	དེ་བཞིན་དུ་དེ་དང་འདྲ་བར་ཤེས་རབ་ཕ་རོལ་ཕྱིན་མཆོག་ཡོན་ཏན་གྱིས་བ
692	66	1	STAGE2_MANUAL	དེ་ལྟ་བས་ན་གང་ཞིག་རྒྱལ་བའི་ཡོན་ཏན་གཞན་གྱི་དོན་ལ་མོས་པ་ཡོངས་ས
694	43	1	STAGE2_MANUAL	ཅི་སྟེ་སྦྱིན་པ་ལ་སོགས་པའི་ཕ་རོལ་ཏུ་ཕྱིན་པ་གཞན་ལ་ཡང་མོས་པ་ཡོད
713	42	1	STAGE2_MANUAL	དེ་བས་ན་ཕྱིན་ཅི་མ་ལོག་པའི་ཆོས་ཉིད་གསལ་བར་བྱེད་པའི་ཕྱིར་ཡུམ་ག
716	44	1	STAGE2_MANUAL	མོས་པ་འདི་གསུམ་གྱི་བཅོས་མའི་ཉེས་པ་སྤང་བ་ནི་གོམས་པ་ཡིན་པར་ཤེས
718	41	1	STAGE2_MANUAL	ཆོས་ཉིད་ཀྱི་གཟུགས་ཀྱི་བདག་ཉིད་གཟུང་བ་དང་འཛིན་པ་དང་བྲལ་བས་མི་
724	45	1	STAGE2_MANUAL	དེ་ནས་དེའི་རྗེས་ལ་མོས་པ་གསུམ་སྒོམ་པར་བྱེད་པའི་བྱང་ཆུབ་སེམས་ད
740	82	1	STAGE2_MANUAL	དཔེར་ན་ཉི་མའི་དཀྱིལ་འཁོར་འོད་ཟེར་སྟོང་ཕྲག་དུ་མ་འགྱེད་པ་དེའི་
742	51	1	STAGE2_MANUAL	རྗེས་སུ་འགྲོ་བའི་སྒོ་ནས་བྱང་ཆུབ་ཀྱི་སེམས་གང་ཡིན་པ་དེ་ཉིད་ཀྱི
746	56	1	STAGE2_MANUAL	བྱང་ཆུབ་ཀྱི་སེམས་སྟོང་པ་ཉིད་དང་སྙིང་རྗེའི་སྙིང་པོ་ཅན་མེད་ན་ད
750	65	1	STAGE2_MANUAL	མེ་ཁྱེར་ལ་སོགས་པའི་སྲོག་ཆགས་སུ་གྱུར་པ་ཀུན་གྱིས་འགྲོ་བ་སྣང་བར
756	44	1	STAGE2_MANUAL	གང་གི་ཚེ་བདག་གི་དགེ་བའི་རྩ་བ་རྗེས་ལས་བྱུང་བའི་སེམས་ཀྱིས་ཡོངས
757	43	1	STAGE2_MANUAL	ཡང་གང་གི་ཚེ་བདག་ཉིད་ཀྱི་སེར་སྣ་ལ་སོགས་པའི་སེམས་ཚར་བཅད་ནས་གཞན
759	110	1	STAGE2_MANUAL	ཉན་ཐོས་ཚོགས་རྣམས་ཇི་སྙེད་སྦྱིན་དང་ཚུལ་ཁྲིམས་དང་བསྒོམ་པ་དེས་ན
762	47	1	STAGE2_MANUAL	འདི་ལྟར་གང་གི་ཚེ་རང་གི་དང་གཞན་གྱི་བསོད་ནམས་མཉམ་དུ་ཐོབ་པར་བྱ་
784	85	1	STAGE2_MANUAL	གལ་ཏེ་འདི་ལྟར་བྱང་ཆུབ་སེམས་དཔའ་ཞེས་ཡོངས་སུ་བསྔོ་བའི་ཆོས་ཉིད་
790	58	1	STAGE2_MANUAL	དེ་བཞིན་དུ་དཀར་པོའི་ཆོས་རྣམས་ལ་དམིགས་པས་ཡོངས་སུ་བསྔོ་བ་ནི་བྱ
793	53	1	STAGE2_MANUAL	དམིགས་པ་ངེས་པ་ཡིན་པས་སྒྱུ་མ་ལྟ་བུར་རྟོགས་པ་མེད་ཀྱང་ཇི་ལྟར་སང
797	43	1	STAGE2_MANUAL	དེ་ལྟར་དེ་བཞིན་དུ་བསྔོ་བ་ལ་མངོན་པར་ཞེན་པ་མེད་པའི་སྦྱོར་བས་བས
807	51	1	STAGE2_MANUAL	དཔེར་ན་དམུས་ལོང་བྱེ་བ་ཁྲག་ཁྲིག་རྣམས་ལོང་ཁྲིད་དང་བྲལ་བའི་ཕྱིར
808	89	1	STAGE2_MANUAL	དེ་བཞིན་དུ་སྒྲུབ་པའི་མཚན་ཉིད་ཀྱི་ཤེས་རབ་ཀྱི་ཕ་རོལ་ཏུ་ཕྱིན་པ་
810	57	1	STAGE2_MANUAL	གང་གི་ཚེ་མཐོང་བ་དང་ཤིན་ཏུ་རྣམ་པར་དག་པའི་ལམ་གཉིས་ཀྱི་དབུས་མཚམ
817	49	1	STAGE2_MANUAL	དཀར་པོ་ནི་རྡུལ་ཕྲ་རབ་ཙམ་ཡང་མི་དམིགས་པའི་ཤེས་རབ་སྒྲུབ་པའི་བདག
821	46	1	STAGE2_MANUAL	འདི་སྙམ་དུ་རྒྱལ་བའི་ཤེས་རབ་ཀྱི་ཕ་རོལ་ཏུ་ཕྱིན་པ་སྒྲུབ་པའི་རང་
824	71	1	STAGE2_MANUAL	དེའི་རྗེས་ལ་གཉིས་པ་ཤིན་ཏུ་རྣམ་པར་དག་པའི་མཚན་ཉིད་ཀྱི་བསྒོམ་པའ
835	54	1	STAGE2_MANUAL	གང་ལ་མ་དད་པ་ཉིད་ཉེས་པ་ཡིན་པས་དེ་ལྟ་བས་ན་བྱང་ཆུབ་སེམས་དཔའ་ཁྱོ
840	42	1	STAGE2_MANUAL	སྐྱེ་བ་དང་ནི་སྐྱེ་བའི་རྒྱུ་ཐོབ་པ་དང་སྤང་བའི་ཡུལ་བསྟན་ནས་དེ་བ
848	63	1	STAGE2_MANUAL	ཆོས་ཐམས་ཅད་བདག་མེད་དོ་ཞེས་དེ་ལྟར་སྤྱི་ལ་ཡང་དང་ཡང་དུ་དམིགས་པས
850	44	1	STAGE2_MANUAL	ཤིན་ཏུ་རྣམ་པར་དག་པའི་མཚན་ཉིད་བསྒོམ་པའི་ལམ་ཐོབ་པས་ཐམས་ཅད་མཁྱེ
862	109	1	STAGE2_MANUAL	གཟུགས་དང་གཟུགས་མེད་པ་ལས་ཡང་དག་པར་འདས་པ་དང་ལྡན་པའི་བྱང་ཆུབ་སེ
865	59	1	STAGE2_MANUAL	དེ་ལྟར་ཉེ་བར་གྱུར་པའི་རྒྱལ་བའི་སྲས་ཐབས་ལ་མཁས་པ་དང་ཕྱིན་ཅི་མ་
867	46	1	STAGE2_MANUAL	ཉན་ཐོས་ལ་སོགས་པ་རྣམས་ནི་རང་གི་རྟོག་པ་ཙམ་གྱི་ཤེས་རབ་ཀྱི་ཕ་རོལ
882	45	1	STAGE2_MANUAL	དེ་ལྟར་དེ་རིམ་པ་བཞིན་དུ་སྟོང་པ་ཉིད་ལ་གོམས་པར་བྱས་པས་མི་མཐུན་
887	63	1	STAGE2_MANUAL	དེ་ལྟར་སྦྱོར་བའི་རིམ་གྱིས་སྤྱོད་པའི་བྱང་ཆུབ་སེམས་དཔའ་མཁས་གསལ
902	54	1	STAGE2_MANUAL	དེ་བས་ན་གང་ཟག་དང་ཆོས་བདག་མེད་པ་རྣམ་པ་གཉིས་རྟོགས་པས་རྣམ་པ་ཐམས
914	63	1	STAGE2_MANUAL	རྒྱལ་བ་སྐྱེད་མ་ལ་འཇུག་པའི་སྦྱོར་བ་ཉན་ཐོས་ལ་སོགས་པའི་བྱེད་པའི
931	47	1	STAGE2_MANUAL	དེ་བཞིན་དུ་ཤེས་རབ་ཕ་རོལ་ཕྱིན་འདི་སུའི་ལག་ཏུ་ཐོབ་པ་ན་ཡུན་རིང་
936	52	1	STAGE2_MANUAL	དེ་བཞིན་དུ་བྱང་ཆུབ་སེམས་དཔའ་སྔར་མཉན་ནས་སེམས་པ་ན་རྒྱལ་བའི་ཤེས
950	43	1	STAGE2_MANUAL	རྣམ་པར་རྟོག་པ་དང་བཅས་པའི་ཡེ་ཤེས་ཀྱི་ཡུལ་དུ་གྱུར་པ་གནས་པ་དང་མ
965	54	1	STAGE2_MANUAL	དེ་ལྟར་བདུད་ཀྱིས་བྱིན་གྱིས་བརླབས་པའི་གང་ཟག་མི་ཤེས་པ་དེ་དག་རྩ
988	43	1	STAGE2_MANUAL	དེ་བཞིན་དུ་ཡང་ཕྱོགས་བཅུའི་བཅོམ་ལྡན་འདས་བསོད་ནམས་ཆེན་པོ་དང་ལྡ
1019	41	1	STAGE2_MANUAL	དེ་ནི་ཐུན་མོང་མ་ཡིན་པའི་ཆོས་ཉིད་རྟོགས་པའི་སྤྱོད་ཡུལ་དུ་གྱུར་
1021	53	1	STAGE2_MANUAL	འདི་ལྟར་སྙིང་རྗེ་ཆེན་པོ་ལ་མངོན་དུ་ཕྱོགས་པར་གྱུར་པས་ཕྱིན་ཅི་ལ
1026	58	1	STAGE2_MANUAL	མིའི་སེང་གེ་བྱང་ཆུབ་སེམས་དཔའ་ཚད་མས་གནོད་པ་མེད་པའི་སྟོང་པ་ཉིད
1029	44	1	STAGE2_MANUAL	དེ་བཞིན་དུ་སྦྱོར་བ་ལས་གོམས་པས་ཤེས་རབ་ཀྱི་ཕ་རོལ་ཏུ་ཕྱིན་པ་རང་
1047	60	1	STAGE2_MANUAL	དེ་ཡང་ཉན་ཐོས་ལ་སོགས་པའི་ལམ་རྣམས་ཀྱི་ཁྱད་པར་གྱི་ལམ་གྱི་བདག་ཉི
1049	69	1	STAGE2_MANUAL	མི་མཉམ་པ་ཉིད་ལ་སོགས་པ་ཉིད་ཀྱི་རྣམ་པ་རྣམས་ཡིད་ལ་བྱེད་པས་ཡུམ་མ
1096	44	1	STAGE2_MANUAL	དཔེར་ན་སྐྱེས་བུ་གང་ཞིག་རྒས་ཤིང་གཉེར་མ་དང་ལྡན་པས་འཁོགས་པ་ཟས་ལ
1118	43	1	STAGE2_MANUAL	བྱང་ཆུབ་ཕུང་པོ་ནི་ཟག་པ་མེད་པའི་འབྲས་བུར་གྱུར་པ་ཚུལ་ཁྲིམས་ཀྱི
1131	51	1	STAGE2_MANUAL	བདག་དང་གཞན་གྱི་དོན་ཕུན་སུམ་ཚོགས་པར་བྱེད་པ་ནི་བྱ་བ་ཡིན་པས་གང་
1148	43	1	STAGE2_MANUAL	དེའི་ཕྱིར་འདི་ལྟར་སེམས་ཅན་གྱི་དོན་གཙོར་མཛད་པས་དེ་བཞིན་གཤེགས་
1174	86	1	STAGE2_MANUAL	བྱང་ཆུབ་སེམས་དཔའ་གང་ཞིག་རང་གི་མཚན་ཉིད་ཡོངས་སུ་ཤེས་པ་ལས་མངོན་
1181	50	1	STAGE2_MANUAL	དེ་བཞིན་དུ་གང་གི་ཚེ་ཡང་སྦྱིན་པ་ལ་སོགས་པ་ཕ་རོལ་ཏུ་ཕྱིན་པ་ལྔ་པ
1194	94	1	STAGE2_MANUAL	ས་བརྒྱད་པ་ལ་མཚན་མ་མེད་པར་ལྷུན་གྱིས་གྲུབ་པ་ཐོབ་པས་རེ་ཞིག་གི་ད
1226	56	1	STAGE2_MANUAL	ངེས་པར་འབྱེད་པའི་ཆ་ལ་གནས་པའི་ཕྱིར་མི་ལྡོག་པའི་མཚན་ཉིད་ཀྱི་རྗ
1232	48	1	STAGE2_MANUAL	དེ་བཞིན་དུ་སེམས་ཅན་ལ་གནོད་པའི་དོན་དུ་ཙ་མུནྚི་ལ་སོགས་པའི་མངོན
1245	54	1	STAGE2_MANUAL	དེ་ལྟར་བསྒོམ་པའི་ལམ་ལ་གནས་པའི་ཕྱིར་མི་ལྡོག་པའི་མཚན་ཉིད་སྟོན་
1254	62	1	STAGE2_MANUAL	སྐྱེ་མཆེད་ཡོད་པ་ཡིན་པར་ཡང་དང་ཡང་དུ་གོམས་པར་བྱས་པའི་བྱང་ཆུབ་ས
1255	44	1	STAGE2_MANUAL	གང་ཟག་དེའི་བསོད་ནམས་ཀྱི་ཚོགས་དེ་ཇི་སྙེད་སྐྱེ་བ་ནི་ཡེ་ཤེས་ཀྱི
1259	74	1	STAGE2_MANUAL	དམིགས་པ་ལ་བསྒྲིབས་ནས་ཉིན་ཞག་ཐམས་ཅད་དུ་བྱུང་བའི་སྐྱེས་བུའི་རྣ
1267	49	1	STAGE2_MANUAL	ཇི་ལྟ་བ་བཞིན་དུ་སེམས་ཅན་ལ་སྟོན་ཅིང་དེ་སེམས་ཅན་ཁྱད་པར་ཅན་སྔོན
1284	66	1	STAGE2_MANUAL	བྱང་ཆུབ་སེམས་དཔའ་གང་གི་ཐོས་པ་ལ་སོགས་པའི་ཤེས་པ་བསྐྱེད་པས་བསྒོ
1293	52	1	STAGE2_MANUAL	རིམ་པ་བཞིན་སེམས་ཀྱི་སྐད་ཅིག་མ་སྔ་མ་ནི་རྗེས་སུ་འགྲོ་བ་མེད་པར་
1296	41	1	STAGE2_MANUAL	དུས་མཉམ་པ་ཡང་ལྷན་ཅིག་སྐྱེས་པས་ཁྱད་པར་མེད་པའི་ཕྱིར་བྱ་བ་དང་བྱ
1302	75	1	STAGE2_MANUAL	དེ་བཞིན་དུ་རེ་རེ་ལ་ནུས་པ་མེད་ཀྱང་རྟེན་ཅིང་འབྲེལ་པར་འབྱུང་བའི
1306	64	1	STAGE2_MANUAL	དེ་ཡང་དང་པོའི་སེམས་ཀྱིས་བྱང་ཆུབ་ལ་རེག་པའི་རང་བཞིན་དུ་རྣམ་པ་ཐ
1312	59	1	STAGE2_MANUAL	རྟག་པར་ནི་རིམ་དང་ཅིག་ཅར་གྱི་དོན་བྱེད་པ་འགལ་བའི་ཕྱིར་སྐད་ཅིག་
1323	46	1	STAGE2_MANUAL	རིམ་གྱིས་སེམས་ཀྱི་སྐད་ཅིག་མ་གཉིས་པ་ལ་སོགས་པ་དང་བཅས་པ་སྦྱོར་བ
1333	57	1	STAGE2_MANUAL	བསྟན་མ་ཐག་པའི་ཕྱིར་མི་ལྡོག་པའི་མཚན་ཉིད་རྟོགས་པའི་འཁོར་བ་དང་མ
1337	42	1	STAGE2_MANUAL	གཉི་ག་མཉམ་པར་བསྒོམས་པས་སངས་རྒྱས་སུ་གྱུར་ནས་དེ་མ་ཐག་ཏུ་རང་གི་
1339	41	1	STAGE2_MANUAL	གཞན་ཡང་སེམས་ཅན་དང་སྣོད་དུ་གྱུར་པའི་ལོག་པར་རྟོགས་པའི་གནས་མཐོང
1344	48	1	STAGE2_MANUAL	སངས་རྒྱས་ཀྱི་ཞིང་ཡོངས་སུ་དག་པར་བྱས་ནས་ཐབས་ལ་མཁས་པས་འཁོར་བ་ཇི
1351	42	1	STAGE2_MANUAL	མངོན་སུམ་བྱ་བའི་དུས་དང་དུས་མ་ཡིན་པ་ལ་སྦྱོར་བའི་སྟོབས་ཀྱིས་ཡོ
1362	84	1	STAGE2_MANUAL	བྱང་ཆུབ་སེམས་དཔའ་མཁས་པ་ཡང་དམིགས་པ་མེད་པའི་བྱམས་པ་མངོན་སུམ་དུ
1423	47	1	STAGE2_MANUAL	ཏིང་འཛིན་སྟོང་པ་མཚན་མེད་སྨོན་པ་མེད་སྤྱོད་པ་དེའི་ཚེ་སེམས་ཅན་ཚ
1427	54	1	STAGE2_MANUAL	དེ་བཞིན་དུ་བྱང་ཆུབ་སེམས་དཔའ་སེམས་ཅན་ལ་དམིགས་པ་མེད་པ་སྟོང་པ་ཉ
1442	43	1	STAGE2_MANUAL	དེ་བཞིན་དུ་བདེན་པའི་བྱིན་གྱི་བརླབས་ཀྱིས་རྨི་ལམ་གྱི་གནས་སྐབས་
1459	45	1	STAGE2_MANUAL	དེ་སྐད་གང་ཐོས་རློམ་སེམས་ཏེ་མངོན་པའི་ང་རྒྱལ་སྐྱེས་ན་བྱང་ཆུབ་ས
1463	68	1	STAGE2_MANUAL	ནགས་ཀྱི་ཁྱད་པར་ནི་ནགས་ཁྲོད་དེ་རབ་ཏུ་སྟེན་བྱེད་ཅིང་གལ་ཏེ་བདག་
1467	47	1	STAGE2_MANUAL	རྟག་ཏུ་གནས་བྱེད་ཅིང་གཞན་དུ་ན་ཉན་ཐོས་ལ་སོགས་པའི་གདུལ་བྱའི་སེམ
1472	51	1	STAGE2_MANUAL	དབེན་པ་འདི་ནི་བསྟན་མ་ཐག་པ་ཡིན་པར་མི་ཤེས་པའི་བྱང་ཆུབ་སེམས་དཔའ
1500	58	1	STAGE2_MANUAL	ཇི་ལྟར་ཤེས་རབ་ཀྱི་ཕ་རོལ་ཏུ་ཕྱིན་པ་སྒྱུ་མ་ལྟ་བུར་གཅིག་དང་དུ་མ
1526	56	1	STAGE2_MANUAL	འདིར་ཤེས་རབ་ཀྱི་ཕ་རོལ་ཏུ་ཕྱིན་པ་ལ་མངོན་པར་བརྩོན་པ་རྣམ་པ་ཐམས་
1541	41	1	STAGE2_MANUAL	དེ་ལྟར་དེ་བཞིན་དུ་བྱང་ཆུབ་མཆོག་ཞུགས་རྙེད་པར་དཀའ་བའི་ཕྱིར་རིན
1543	49	1	STAGE2_MANUAL	གང་གི་ཚེ་ཤེས་རབ་ཀྱི་ཕ་རོལ་ཏུ་ཕྱིན་པ་དུས་ཡུན་རིང་པོར་གོམས་པ་ད
1558	57	1	STAGE2_MANUAL	དེ་བཞིན་དུ་ཤེས་རབ་དང་སྙིང་བརྩེར་བཅས་པར་སྤྱོད་མཁས་བྱང་ཆུབ་སེམ
1569	64	1	STAGE2_MANUAL	གང་གི་ཚེ་མཁས་པར་གྱུར་པའི་སྙིང་རྗེ་ཕུན་སུམ་ཚོགས་པ་ཡང་དག་པའི་བ
1570	43	1	STAGE2_MANUAL	མཁའ་ལ་འགྲོ་བའི་བྱ་དང་མཚུངས་པ་ཉིད་ཀྱིས་མཉམ་པ་གང་ཅུང་ཟད་ལ་ཡང་མ
1594	44	1	STAGE2_MANUAL	ཕན་པ་དང་ཕན་པ་མ་ཡིན་པ་ཐོབ་པ་དང་སྤང་བའི་ཕྱིར་དེ་ལྟར་གང་སློབ་དེ
1596	50	1	STAGE2_MANUAL	བྱང་ཆུབ་སེམས་དཔའ་གང་ཞིག་དེ་ལྟ་བུའི་བདེན་པ་གཉིས་ཀྱི་རིམ་པ་ལས་
1604	60	1	STAGE2_MANUAL	ཤེས་རབ་ཀྱི་ཕ་རོལ་ཏུ་ཕྱིན་པ་ཁོ་ན་ལ་བསླབ་པར་བྱས་པ་རྣམས་ཀྱི་ཆོས
1610	56	1	STAGE2_MANUAL	དེ་ལྟར་ཤེས་རབ་སྤྱོད་པ་མཁས་པ་བྱང་ཆུབ་སེམས་དཔའ་མཆོག་རྣམས་ཀྱི་ས
1619	65	1	STAGE2_MANUAL	གང་གི་ཚེ་ཕྱིར་མི་ལྡོག་པའི་ཁྱད་པར་བྱང་ཆུབ་མཆོག་ལ་རབ་ཏུ་ཞུགས་པ
1631	42	1	STAGE2_MANUAL	སྒྲོ་བཏགས་པས་ཆོས་ཐམས་ཅད་དབེན་པའི་ཕྱིར་སྤྲོས་པ་མེད་པ་དེ་ཉིད་ཡ
1641	42	1	STAGE2_MANUAL	དེ་བཞིན་དུ་འཛིན་པའི་རྣམ་པར་རྟོག་པ་བརྗོད་པར་བྱ་བ་ཡིན་པས་སྐྱེས
1644	53	1	STAGE2_MANUAL	དེ་ཡང་སྤྲུལ་པ་དེ་ཉིད་སྐྱེས་བུའི་ཁྱད་པར་གྱི་དོན་སྣང་བའི་ཤེས་པ
1651	42	1	STAGE2_MANUAL	དཔེར་ན་སངས་རྒྱས་ཀྱི་སྤྲུལ་པ་ཉིད་ནི་ཁྱད་པར་ཅན་གྱི་སྤྲུལ་པའི་ར
1652	66	1	STAGE2_MANUAL	དེ་བཞིན་དུ་མཐོང་བའི་ལམ་གྱི་སེམས་དང་སེམས་ལས་བྱུང་བ་འཇུག་པའི་ར
1656	57	1	STAGE2_MANUAL	དེ་ལྟར་བསྟན་མ་ཐག་པའི་རང་བཞིན་རྣམ་པར་རྟོག་པ་བཞི་སྤངས་པའི་ཤེས་
1661	58	1	STAGE2_MANUAL	དེ་ལྟར་ཇི་སྐད་བསྟན་པའི་རྣམ་པར་རྟོག་པ་བཞི་སྤངས་པ་ལ་སྤྱོད་པ་མཁ
1676	47	1	STAGE2_MANUAL	ཤེས་རབ་ཀྱི་ཕ་རོལ་ཏུ་ཕྱིན་པ་དེ་བཞིན་གཤེགས་པའི་ཡུམ་འདི་འཆད་ཅིང
1686	41	1	STAGE2_MANUAL	མཐོང་བའི་ལམ་གྱིས་ཇི་སྐད་བསྟན་པའི་རྣམ་པར་རྟོག་པ་བཞི་སྤངས་པས་ད
1696	52	1	STAGE2_MANUAL	དེ་ལྟར་བྱང་ཆུབ་སེམས་དཔའ་ཐབས་ལ་མཁས་པ་ཐོབ་པའང་དེ་བཞིན་དུ་བསམ་ག
1701	58	1	STAGE2_MANUAL	སྤྲུལ་པའི་སྐུ་ཆོས་ཀྱི་མཆོག་སྦྱིན་པར་འདོད་པ་ནི་རིམ་པ་ཇི་ལྟ་བ་
1706	95	1	STAGE2_MANUAL	བསླབ་པ་གང་ཇི་སྙེད་པ་སེམས་བསྐྱེད་པ་ལ་སོགས་པའི་རིམ་པར་འགྲོ་བའི
1712	42	1	STAGE2_MANUAL	སངས་རྒྱས་ཉིད་འབྱུང་བ་རྟོགས་པ་དང་མཐུན་པ་ཉིད་སྐྱེས་པའི་ཕྱིར་སང
1715	59	1	STAGE2_MANUAL	སངས་རྒྱས་བཅོམ་ལྡན་འདས་རྣམས་སོ་རབ་ཀྱི་མཐར་ཐུག་པར་འགྲོ་བའི་རང་
1731	60	1	STAGE2_MANUAL	བྱ་བ་ལ་སོགས་པ་དམ་པ་དང་ལྡན་པ་ནི་མཆོག་ཡིན་པར་འཇིག་རྟེན་ལ་གྲགས་
1741	52	1	STAGE2_MANUAL	ཤེས་རབ་ཀྱི་ཕ་རོལ་ཏུ་ཕྱིན་པ་ནི་ཐོད་རྒལ་གྱི་སྙོམས་པར་འཇུག་པའི་
1763	76	1	STAGE2_MANUAL	བསྒོམ་པའི་ལམ་དེ་ལ་གནས་ཀྱང་སྒྲིབ་པ་ལྷག་མ་སྦྱང་བའི་ཕྱིར་གལ་ཏེ་
1786	43	1	STAGE2_MANUAL	སྙིང་རྗེ་ཆེན་པོའི་དབང་གིས་འགྲོ་ལ་སྙིང་བརྩེར་ལྡན་པས་ཕྱིར་ཡང་ཇ
1807	41	1	STAGE2_MANUAL	དེ་བཞིན་དུ་ཇི་སྐད་བསྟན་པའི་མངོན་པར་རྟོགས་པ་ལ་སོགས་པའི་དོན་ནི
1810	42	1	STAGE2_MANUAL	རྣམ་པར་བསྒོམ་པ་མཐར་གྱིས་པའི་མངོན་པར་རྟོགས་པ་ཤིན་ཏུ་གོམས་པར་བ
1814	66	1	STAGE2_MANUAL	དེ་བཞིན་དུ་བྱང་ཆུབ་སེམས་དཔའ་བྱང་ཆུབ་ཆེད་དུ་བྱང་ཆུབ་མཆོག་ཞུགས
1828	31	2	citation-split	དེ་སྐད་དུ་ཡང་།
ངོ་བོ་ཉིད་ལོངས་རྫོགས་བཅས་དང་། །
དེ་བཞིན་གཞན་ན
1835	47	1	STAGE2_MANUAL	ཇི་སྐད་བཤད་པའི་མངོན་པར་རྟོགས་པ་བརྒྱད་ཀྱི་རང་བཞིན་གྱི་ཡུམ་ཐོས
1837	58	1	STAGE2_MANUAL	བརྟེན་པའི་དབྱེ་བས་སེམས་ཅན་གྱི་དོན་དང་སངས་རྒྱས་ཀྱི་ཞིང་སྦྱོང་
1844	74	1	STAGE2_MANUAL	བླ་ན་མེད་པའི་བྱང་ཆུབ་དེ་བཞིན་གཤེགས་པ་ཐོབ་ཀྱི་བར་གྱི་དུས་ཐམས་
1850	43	1	STAGE2_MANUAL	ཇི་སྟེ་དེའི་ཡང་བློ་སྐྱེས་པ་འདི་ཕྱིན་ཅི་ལོག་གི་བག་ཆགས་ཀྱིས་ཀུ
1853	54	1	STAGE2_MANUAL	རྫུ་འཕྲུལ་དང་ཀུན་བརྗོད་པས་ནི་འགྲོ་བ་ཡོངས་སུ་སྨིན་པར་བྱས་ནས་ར
1866	50	1	STAGE2_MANUAL	བཟོད་པ་གོམས་པར་བྱས་པ་ནི་བསོད་ནམས་བསགས་པའི་རྒྱུ་ཡིན་པའི་ཕྱིར་
1869	46	1	STAGE2_MANUAL	དེ་བས་ན་བཟོད་པའི་ཆོས་ལ་བརྟགས་ནས་ཕ་རོལ་གནོན་པར་བྱེད་པ་ལ་སྤྱོད
1889	52	1	STAGE2_MANUAL	གང་གི་ཕྱིར་འགྲོ་བ་ལ་སོགས་པ་ཐམས་ཅད་ཀྱིས་བཟོད་པ་བྱས་པ་ཇི་སྐད་བ
1897	51	1	STAGE2_MANUAL	དེ་ལྟར་སྐྱེ་བ་ལ་སོགས་པའི་རང་བཞིན་འཇིག་རྟེན་སྡུག་བསྔལ་མྱོང་བ་
1904	44	1	STAGE2_MANUAL	སེམས་ཅན་ཀུན་ལ་ཕན་ཕྱིར་ཏེ་བླ་ན་མེད་པ་ཡང་དག་པར་རྫོགས་པའི་བྱང་ཆ
1932	50	1	STAGE2_MANUAL	གལ་ཏེ་བྱང་ཆུབ་སེམས་དཔའ་རྒྱལ་བའི་ལམ་སྤྱོད་པ་ཇི་སྐད་བསྟན་པའི་ཚ
1933	47	1	STAGE2_MANUAL	དེའི་ཕྱིར་སྣ་ཚོགས་འདུ་ཤེས་ཞུགས་པ་དངོས་པོར་དམིགས་པ་ཐམས་ཅད་བསྲ
1936	50	1	STAGE2_MANUAL	དེ་ཉིད་ཀྱི་ཕྱིར་བདག་དང་གཞན་གྱི་ཆར་འབྱེད་པ་མེད་པས་རྗེས་སུ་ཆགས
1940	52	1	STAGE2_MANUAL	གང་ཞིག་བསྟན་མ་ཐག་པ་དེ་ལྟར་ཀུན་རྫོབ་ཏུ་ཚུལ་ཁྲིམས་དང་ལྡན་པར་གྱ
1964	70	1	STAGE2_MANUAL	དེ་ལྟར་འབྲས་བུ་དང་བཅས་པར་རང་ལ་ཇི་སྙེད་བདོག་པ་གཏོང་བར་འགྱུར་བ
1975	45	1	STAGE2_MANUAL	དེ་བཞིན་དུ་འགྲོ་ཀུན་སྦྱིན་པའི་ཕུང་པོ་རྒྱ་ཆེན་ཀུན་རྗེས་སུ་ཡི་
1977	51	1	STAGE2_MANUAL	གལ་ཏེ་བྱང་ཆུབ་སེམས་དཔའ་ཕ་རོལ་ཏུ་ཕྱིན་པ་ལྷག་མ་ཡོངས་སུ་སྐྱོང་ཞ
1983	48	1	STAGE2_MANUAL	དེ་ལྟ་བུའི་གདམས་ངག་ཐོབ་པ་ལ་སེམས་བསྐྱེད་པ་ལ་སོགས་པའི་རིམ་གྱིས
1985	50	1	STAGE2_MANUAL	དེ་ལ་རེ་ཞིག་ས་དང་པོ་རབ་ཏུ་དགའ་བ་ལ་གནས་པའི་བྱང་ཆུབ་སེམས་དཔས་ག
1989	44	1	STAGE2_MANUAL	དེ་བཞིན་དུ་དྲི་མ་མེད་པ་ལ་གནས་པས་ནི་ཚུལ་ཁྲིམས་འཆལ་བའི་སྐྱོན་ཐ
1995	51	1	STAGE2_MANUAL	སྦྱངས་དཀའ་བ་ལ་གནས་པས་ནི་རྣམ་པར་གཡེང་བ་ཐམས་ཅད་སྤངས་པའི་བསམ་གཏ
2008	48	1	STAGE2_MANUAL	དེ་བཞིན་དུ་རིམ་པས་བཅུ་གཅིག་ཀུན་དུ་འོད་སངས་རྒྱས་ཀྱི་ས་ལ་བཞུགས
2015	75	1	STAGE2_MANUAL	འདི་ལྟར་དང་པོ་རེ་ཞིག་གནས་ཡིད་དུ་འོང་བར་བྱས་པའི་ཕྱོགས་སུ་སྟོན
2018	43	1	STAGE2_MANUAL	དེ་དག་ལས་ཤེས་རབ་ཀྱི་ཕ་རོལ་ཏུ་ཕྱིན་པའི་ཚུལ་བདག་མེད་པ་གསལ་བར་བ
2022	41	1	STAGE2_MANUAL	ཡི་གེ་ཡང་སིལ་བུ་དང་བསྡུས་པའི་རིམ་པ་ཇི་ལྟ་བ་བཞིན་དུ་དོན་མེད་པ
