,,,,,,,Alignments of RT & C and Langauges,,Annotations ,,,,,,,
,ཡིག་རྐྱང་གཙང་མ།,ས་བཅད།,Sentences-Segm,Verse-Segn,Citation,ཚིག་ཕྲེང་དུམ་བུའི་ཁུངས།,རྩ་བ།,འགྲེལ་བ། ,,མཚན་བྱང་།,མཛད་པ་པོ།,,,,,
Metadata,Clean Text,Table of Content ,,,,Segment Source,Root text,commantary / Other Langauges,,Title,Author name,,,,,
Google doc Link,,,Google Linkd,,,,,Google doc Link,,,,,,,,
རྡོ་རྗེ་གཅོད་པ།,,,,,,,,,,,,,,,,
,,,,,,,,,,,,,,,,
M42AE7A72 རྡོ་རྗེ་གཅོད་པ་རྩ་བ། -Sanskrit Metadata ,,,,,,རྩ་བ། Sanskrit Tsawa Align,M42AE7A72  རྡོ་རྗེ་གཅོད་པ་རྩ་བ། Tibetan-Sanskrit,M42AE7A72  རྡོ་རྗེ་གཅོད་པ་རྩ་བ། Sanskrit- Tibetan ,Sanskrit Alignments,རྡོ་རྗེ་གཅོད་པ། ,སྟོན་པ་བཅོམ་ལྡན་འདས།,,,,,
,,,,,,རྩ་བ། Chinese Tsawa Align,M42AE7A72  རྡོ་རྗེ་གཅོད་པ་རྩ་བ། Tibetan - Chinese,M42AE7A72  金剛般若波羅蜜經 - Chinese-Tibetan Tsawa,,རྡོ་རྗེ་གཅོད་པ། ,སྟོན་པ་བཅོམ་ལྡན་འདས།,,,,,
M42AE7A72 རྡོ་རྗེ་གཅོད་པ། Metadata.xlsx,M42AE7A72 རྡོ་རྗེ་གཅོད་པ་རྩ་བ།  Clean Root text,,,,,རྩ་བ།,M42AE7A72  རྡོ་རྗེ་གཅོད་པ་རྩ་བ།  Tsadel,,Tsawa,རྡོ་རྗེ་གཅོད་པ། ,སྟོན་པ་བཅོམ་ལྡན་འདས།,,,,,
RF67A9A4E རྡོ་རྗེ་གཅོད་པའི་དོན་བདུན་གྱི་རྒྱ་ཆེར་འགྲེལ་པ། Metadata, RF67A9A4E རྡོ་རྗེ་གཅོད་པའི་དོན་བདུན་གྱི་རྒྱ་ཆེར་འགྲེལ་པ། - Clean text,RF67A9A4E རྡོ་རྗེ་གཅོད་པའི་དོན་བདུན་གྱི་རྒྱ་ཆེར་འགྲེལ་པ། - TOC,RF67A9A4E རྡོ་རྗེ་གཅོད་པའི་དོན་བདུན་གྱི་རྒྱ་ཆེར་འགྲེལ་པ། - Sentence Segm,,RF67A9A4E རྡོ་རྗེ་གཅོད་པའི་དོན་བདུན་གྱི་རྒྱ་ཆེར་འགྲེལ་པ། - Citation,འགྲེལ་བ། {ཡི་གེ},RF67A9A4E རྡོ་རྗེ་གཅོད་པ་རྩ་བ། - Root text Tsadrel,RF67A9A4E རྡོ་རྗེ་གཅོད་པའི་དོན་བདུན་གྱི་རྒྱ་ཆེར་འགྲེལ་པ། - Tsadrel,,རྡོ་རྗེ་གཅོད་པའི་དོན་བདུན་གྱི་རྒྱ་ཆེར་འགྲེལ་པ།,སློབ་དཔོན་དབྱིག་གཉེན།,,,,,
R4B9A8FB5 རྗེ་གཅོད་པ་དང་དེའི་འགྲེལ་པ་ཟབ་དོན་གསལ་བའི་ཉི་མ། Metadate,R4B9A8FB5 རྡོ་རྗེ་གཅོད་བའི་འགྲེལ་བ།_ཅོ་ནེ།  - Clean Text,R4B9A8FB5 རྡོ་རྗེ་གཅོད་བའི་འགྲེལ་བ།_ཅོ་ནེ། TOC.docx,R4B9A8FB5 རྡོ་རྗེ་གཅོད་བའི་འགྲེལ་བ།_ཅོ་ནེ། Sentence - Segm,,R4B9A8FB5 རྡོ་རྗེ་གཅོད་བའི་འགྲེལ་བ།_ཅོ་ནེ། -Citation,འགྲེལ་བ། {ཡི་གེ},R4B9A8FB5 རྡོ་རྗེ་གཅོད་པ་རྩ་བ། - Root text Tsadrel,R4B9A8FB5 རྡོ་རྗེ་གཅོད་བའི་འགྲེལ་བ།_ཅོ་ནེ།  - Tsadrel,,རྡོ་རྗེ་གཅོད་བའི་འགྲེལ་བ།_ཅོ་ནེ། ,ཅོ་ནེ་གྲགས་པ་བཤད་སྒྲུབ།,,,,,
RF161D626 རྡོ་རྗེ་གཅོད་པའི་རྒྱ་ཆེར་འགྲེལ་པ། - Metadata.xlsx,RF161D626 རྡོ་རྗེ་གཅོད་པའི་རྒྱ་ཆེར་འགྲེལ་པ། - Clean Text,RF161D626 རྡོ་རྗེ་གཅོད་པའི་རྒྱ་ཆེར་འགྲེལ་པ། - TOC,RF161D626 རྡོ་རྗེ་གཅོད་པའི་རྒྱ་ཆེར་འགྲེལ་པ། - Sentence-Segm,,,འགྲེལ་བ། {ཡི་གེ},RF161D626 རྡོ་རྗེ་གཅོད་པ་རྩ་བ། - Root text Tsadrel,RF161D626 རྡོ་རྗེ་གཅོད་པའི་རྒྱ་ཆེར་འགྲེལ་པ། - Tsadrel,,རྡོ་རྗེ་གཅོད་པའི་རྒྱ་ཆེར་འགྲེལ་པ།,ཀ་མ་ལ་ཤཱི་ལ།,,,,,
,,,,,,,,R3452D71B རྡོ་རྗེ་གཅོད་པའི་བསྡུས་དོན་འགྲེལ་པ་ཀ་མ་ལ་ཤཱི་ལའི་ཞལ་ལུང་བཞོགས་སོ།,,,,,,,,
,,,,,,,,R76E83977 རྡོ་རྗེ་གཅོད་པའི་ཕན་ཡོན། - B2,,,,,,,,
,,,,,,,,,,,,,,,,
MFF4994FD金剛波羅蜜經 Metadata.xlsx,,,,,,རྩ་བ།,,,,,,,,,,
R434373A0金剛般若波羅蜜經論 Metadata,,,,,,འགྲེལ་བ། {ཡི་གེ},R434373A0金剛波羅蜜經 Root text Tsadrel,R434373A0金剛般若波羅蜜經論 - Commentary Tsadrel Alignment,,,釋迦佛,,,,,
R2A8AD21D金剛經解義 ,,,,,,འགྲེལ་བ། {ཡི་གེ},R2A8AD21D金剛般若波羅蜜經  - Root text Tsadrel,R2A8AD21D金剛經解義-Commentary Tsadrel Alignment,,,天親/Vasubandhu/སློབ་དཔོན་དབྱིག་གཉེན།,,,,,
RAF408FDA 金剛般若經贊述- Metadata.xlsx.xlsx,,,,,,འགྲེལ་བ། {ཡི་གེ},RAF408FDA 金剛波羅蜜經 - Root text Tsadrel,RAF408FDA 金剛般若經贊述   - Commentary Tsadrel Alignment,,,唐 慧能說,,,,,
R92439761 金剛般若波羅蜜經義脈.xlsx,,,,,,འགྲེལ་བ། {ཡི་གེ},R92439761 金剛般若波羅蜜經- Root text Tsadrel,R92439761 金剛般若波羅蜜經義脈.docx,,,唐 窺基撰,,,,,
R96396549金剛般若波羅蜜經註解,,,,,,,R96396549金剛般若波羅蜜經- Root text Tsadrel,R96396549金剛般若波羅蜜經註解 - Commentary Tsadrel Alignment,,, 金剛般若波羅蜜經註解 ,,,,,
,,,,,,,,,,,太虛大師,,,,,
,,,,,,,,,,,,,,,,
,,,,,,,,,,,,,,,,
,,,,,,,,,,,,,,,,
ཤེས་རབ་སྙིང་པོ།,,,,,,,,,,,,,,,,
,,,,,,,,,,,,,,,,
M29C34F4A ཤེས་རབ་སྙིང་པོ། Metadata,M29C34F4A ཤེས་རབ་སྙིང་པོ། - Clean text Tsawa,,M29C34F4A ཤེས་རབ་སྙིང་པོ། -Segmentation,,,རྩ་བ། Sanskrit Tsawa Align,M29C34F4A ཤེས་རབ་སྙིང་པོ།  Tibetan- Sanskrit,M29C34F4A ཤེས་རབ་སྙིང་པོ། Sanskrit-Tsawa Align,Tsawa and Sanskrit Alignment,ཤེས་རབ་ཀྱི་ཕ་རོལ་ཏུ་ཕྱིན་པའི་སྙིང་པོ།,སྟོན་པ་བཅོམ་ལྡན་འདས།,,https://www.dsbcproject.org/canon-text/content/401/1829,https://www.dsbcproject.org/canon-text/content/400/1828,,
,,,,,,རྩ་བ། Chinese Tsawa Align,M29C34F4A ཤེས་རབ་སྙིང་པོ། Tibetan-Chinese,M29C34F4A ཤེས་རབ་སྙིང་པོ། 心經 Chinese -Tibetan,,,,,,,,
R64282E1A ཤེར་སྙིང་འགྲེལ་པ་སྔགས་སུ་བཀྲལ་པ། - Metadata,R64282E1A ཤེར་སྙིང་འགྲེལ་པ་སྔགས་སུ་བཀྲལ་པ། - Clean text,R64282E1A ཤེར་སྙིང་འགྲེལ་པ་སྔགས་སུ་བཀྲལ་པ། - TOC,R64282E1A ཤེར་སྙིང་འགྲེལ་པ་སྔགས་སུ་བཀྲལ་པ། - Sentence - Segm,,R64282E1A ཤེར་སྙིང་འགྲེལ་པ་སྔགས་སུ་བཀྲལ་པ། - Citation,འགྲེལ་བ། {ཡི་གེ},R64282E1A ཤེས་རབ་སྙིང་པོ། - Root Text Tsadel,R64282E1A ཤེར་སྙིང་འགྲེལ་པ་སྔགས་སུ་བཀྲལ་པ། Tsadel,Commentary alignment ,ཤེར་སྙིང་འགྲེལ་པ་སྔགས་སུ་བཀྲལ་པ།,ལོ་ཆེན་བཻ་རོ་ཙ་ན།,,,,,
RA88988D0 བཅོམ་ལྡན་འདས་མ་ཤེས་རབ་ཀྱི་ཕ་རོལ་ཏུ་ཕྱིན་པའི་སྙིང་པོའི་འགྲེལ་པ་དོན་གྱི་སྒྲོན་མ།- Metadata,RA88988D0 བཅོམ་ལྡན་འདས་མ་ཤེས་རབ་ཀྱི་ཕ་རོལ་ཏུ་ཕྱིན་པའི་སྙིང་པོའི་འགྲེལ་པ་དོན་གྱི་སྒྲོན་མ། - Clean text delwa,RA88988D0 བཅོམ་ལྡན་འདས་མ་ཤེས་རབ་ཀྱི་ཕ་རོལ་ཏུ་ཕྱིན་པའི་སྙིང་པོའི་འགྲེལ་པ་དོན་གྱི་སྒྲོན་མ། - TOC,RA88988D0 བཅོམ་ལྡན་འདས་མ་ཤེས་རབ་ཀྱི་ཕ་རོལ་ཏུ་ཕྱིན་པའི་སྙིང་པོའི་འགྲེལ་པ་དོན་གྱི་སྒྲོན་མ། - Sentence- Segm,,,འགྲེལ་བ། {ཡི་གེ},RA88988D0 ཤེས་རབ་སྙིང་པོ། -Root text Tsadel,RA88988D0 བཅོམ་ལྡན་འདས་མ་ཤེས་རབ་ཀྱི་ཕ་རོལ་ཏུ་ཕྱིན་པའི་སྙིང་པོའི་འགྲེལ་པ་དོན་གྱི་སྒྲོན་མ།- ཡིག་རྐྱང་རྩེ་ཕུད། - Tsadeel,Commentary alignment ,བཅོམ་ལྡན་འདས་མ་ཤེས་རབ་ཀྱི་ཕ་རོལ་ཏུ་ཕྱིན་པའི་སྙིང་པོའི་འགྲེལ་པ་དོན་གྱི་སྒྲོན་མ།,ཕྱག་ན་རྡོ་རྗེ།,,,,,
RB76B7B48 ཤེར་ཕྱིན་སྙིང་པོའི་མདོའི་ཚིག་འགྲེལ་རྨད་དུ་བྱུང་བ་བཞུགས། Metadata,RB76B7B48 ཤེར་ཕྱིན་སྙིང་པོའི་མདོའི་ཚིག་འགྲེལ་རྨད་དུ་བྱུང་བ་བཞུགས། -Clean Texts,RB76B7B48 ཤེར་ཕྱིན་སྙིང་པོའི་མདོའི་ཚིག་འགྲེལ་རྨད་དུ་བྱུང་བ་བཞུགས། -TOC,RB76B7B48 ཤེར་ཕྱིན་སྙིང་པོའི་མདོའི་ཚིག་འགྲེལ་རྨད་དུ་བྱུང་བ་བཞུགས། -Sentenc-Segm,,RB76B7B48 ཤེར་ཕྱིན་སྙིང་པོའི་མདོའི་ཚིག་འགྲེལ་རྨད་དུ་བྱུང་བ་བཞུགས། -Citation,འགྲེལ་བ། {ཡི་གེ},RB76B7B48 ཤེས་རབ་སྙིང་པོ། -Root Text Tsadel,RB76B7B48 ཤེར་ཕྱིན་སྙིང་པོའི་མདོའི་ཚིག་འགྲེལ་རྨད་དུ་བྱུང་བ་བཞུགས། -Tsadel,Commentary alignment ,ཤེར་ཕྱིན་སྙིང་པོའི་མདོའི་ཚིག་འགྲེལ་རྨད་དུ་བྱུང་བ་བཞུགས།,ཏཱ་ར་ནཱ་ཐ།,Kalsang Gyaltsen/ Lobsang Dhondup/ Yeshi Lhundup,,Done,,
R429207AA འཕགས་པ་ཤེས་རབ་ཀྱི་ཕ་རོལ་ཏུ་ཕྱིན་པའི་སྙིང་པོའི་རྒྱ་ཆེར་བཤད་པ། Metadata,R429207AA འཕགས་པ་ཤེས་རབ་ཀྱི་ཕ་རོལ་ཏུ་ཕྱིན་པའི་སྙིང་པོའི་རྒྱ་ཆེར་བཤད་པ།,,R429207AA འཕགས་པ་ཤེས་རབ་ཀྱི་ཕ་རོལ་ཏུ་ཕྱིན་པའི་སྙིང་པོའི་རྒྱ་ཆེར་བཤད་པ། - Sentence-Segm,,R429207AA འཕགས་པ་ཤེས་རབ་ཀྱི་ཕ་རོལ་ཏུ་ཕྱིན་པའི་སྙིང་པོའི་རྒྱ་ཆེར་བཤད་པ། -Citation,འགྲེལ་བ། {ཡི་གེ}, R429207AA ཤེས་རབ་སྙིང་པོ། - Clean Root Tsadel,R429207AA འཕགས་པ་ཤེས་རབ་ཀྱི་ཕ་རོལ་ཏུ་ཕྱིན་པའི་སྙིང་པོའི་རྒྱ་ཆེར་བཤད་པ། - Tsadel,Commentary alignment ,ཤེར་ཕྱིན་སྙིང་པོའི་རྒྱ་ཆེར་བཤད་པ།,པཎ་ཆེན་དྲི་མེད་བཤེས་གཉེན། རྒྱ་གར།,Lobsang Dhondup and Yeshi Lhundup,150,Done,,
RCDDEF0BE ཤེས་རབ་སྙིང་པོའི་འགྲེལ་བ། - Metadata,,,,,,འགྲེལ་བ། {ཡི་གེ},RCDDEF0BE ཤེས་རབ་སྙིང་པོའི་འགྲེལ་བ།-Tsawa,RCDDEF0BE ཤེས་རབ་སྙིང་པོའི་འགྲེལ་བ།-Tsadel,Commentary alignment ,ཤེས་རབ་སྙིང་པོའི་འགྲེལ་བ།,སྒོ་མང་མཁན་ཟུར་ངག་དབང་ཉི་མ།,,,,,http://purl.bdrc.io/resource/WA0XLB18EA1811A74
RCD3C8F1C འཕགས་པ་ཤེས་རབ་ཀྱི་ཕ་རོལ་ཏུ་ཕྱིན་པའི་སྙིང་པོ་རྒྱ་ཆེར་འགྲེལ་པ། Metadata,,,,,,འགྲེལ་བ། {ཡི་གེ},RCD3C8F1C ཤེས་རབ་སྙིང་པོ། - Tsawa,RCD3C8F1C འཕགས་པ་ཤེས་རབ་ཀྱི་ཕ་རོལ་ཏུ་ཕྱིན་པའི་སྙིང་པོ་རྒྱ་ཆེར་འགྲེལ་པ།- Tsadel,Commentary alignment ,འཕགས་པ་ཤེས་རབ་ཀྱི་ཕ་རོལ་ཏུ་ཕྱིན་པའི་སྙིང་པོ་རྒྱ་ཆེར་འགྲེལ་པ།,པྲ་ཤཱ་སྟྲ་སེ། རྒྱ་གར།,,,,,http://purl.bdrc.io/resource/WA0RT3166
R42066499ཤེས་རབ་སྙིང་པོའི་རྣམ་བཤད། ,,,,,,འགྲེལ་བ། {ཡི་གེ},R42066499 ཤེས་རབ་སྙིང་པོའི་རྣམ་བཤད། -Tsawa,R42066499 ཤེས་རབ་སྙིང་པོའི་རྣམ་བཤད། -Tsadel,Commentary alignment ,གཞུང་མཆོག་ཤེས་རབ་སྙིང་པོའི་རྣམ་བཤད་ཟབ་དོན་པད་དཀར་བཞད་པའི་ཉིན་བྱེད།,གཙོས་ཁྲི་སྤྲུལ ༠༢་བློ་བཟང་རྒྱལ་མཚན་སེངྒེ།,,,,,https://library.bdrc.io/show/bdr:WA0RK0529?s=q%3D%2522%25E0%25BD%25A4%25E0%25BD%25BA%25E0%25BD%25A6%25E0%25BC%258B%25E0%25BD%25A2%25E0%25BD%2596%25E0%25BC%258B%25E0%25BD%25A6%25E0%25BE%2599%25E0%25BD%25B2%25E0%25BD%2584%25E0%25BC%258B%25E0%25BD%2594%25E0%25BD%25BC%25E0%25BC%258D%2522~1%26lg%3Dbo%26t%3DWork%26n%3D1
RA7B8FF79 ཤེས་རབ་སྙིང་པོའི་རྣམ་བཤད་ཡང་དག་ལྟ་བའི་མིག Metadata,,,,,,འགྲེལ་བ། {ཡི་གེ},RA7B8FF79 ཤེས་རབ་སྙིང་པོའི་རྣམ་བཤད་ཡང་དག་ལྟ་བའི་མིག -Tsawa,RA7B8FF79 ཤེས་རབ་སྙིང་པོའི་རྣམ་བཤད་ཡང་དག་ལྟ་བའི་མིག -Tsadel,Commentary alignment ,ཤེས་རབ་སྙིང་པོའི་རྣམ་བཤད་ཡང་དག་ལྟ་བའི་མིག,དགེ་འདུན་རིན་ཆེན། ,,,,,http://purl.bdrc.io/resource/WA0XL29B7CCC47F6B
RA25D53E9 འཕྲ་ཏིག་དང་པོ། ཤེས་རབ་སྙིང་པོའི་བཤད་འབུམ། Metadata,,,,,,འགྲེལ་བ། {ཡི་གེ},RA25D53E9 འཕྲ་ཏིག་དང་པོ། ཤེས་རབ་སྙིང་པོའི་བཤད་འབུམ།-Tsawa,RA25D53E9 འཕྲ་ཏིག་དང་པོ། ཤེས་རབ་སྙིང་པོའི་བཤད་འབུམ།-Tsadel,Commentary alignment ,འཕྲ་ཏིག་དང་པོ། ཤེས་རབ་སྙིང་པོའི་བཤད་འབུམ།,བླ་མ་ཀུན་དགའ།,,,,,http://purl.bdrc.io/resource/WA0XLBA22F3396909
,,,,,,,,,,,,,,,,
འཕགས་སྡུད།,,,,,,,,,,,,,,,,
,,,,,,,,,,,,,,,,
འཕགས་པ་སྡུད་པ། - Metadata,འཕགས་པ་སྡུད་པ། - Clean root Text,,,འཕགས་པ་ཤེས་རབ་ཀྱི་ཕ་རོལ་ཏུ་ཕྱིན་པ་སྡུད་པའི་ཚིགས་སུ་བཅད་པ། -Sentence- Segm,,རྩ་བ། Sanskrit Tsawa Align,M6BD866B7 འཕགས་པ་སྡུད་པ། - Clean Tsawa,,Tsawa and Sanskrit Alignment,འཕགས་པ་སྡུད་པ།,སྟོན་པ་བཅོམ་ལྡན་འདས།,,,,,
,,,,,,རྩ་བ། Chinese Tsawa Align,M6BD866B7 འཕགས་སྡུད།Tibetan-Chinese Tsawa,M6BD866B7 འཕགས་པ་སྡུད་པ། Chinese-Tibetan Tsawa,Tsawa and Chinese Alignment,འཕགས་པ་སྡུད་པ།,སྟོན་པ་བཅོམ་ལྡན་འདས།,,,,,
,,,,,,རྩ་བ། Sanskrit Tsawa Align,M6BD866B7 འཕགས་པ་སྡུད་པ། Tibetan - Sanskrit Tsawa,M6BD866B7འཕགས་སྡུད། Sanskrit-Tibetan Tsawa,Tsawa and Sanskrit Alignment,འཕགས་པ་སྡུད་པ།,སྟོན་པ་བཅོམ་ལྡན་འདས།,,,,,
R79FDDBD3 སྡུད་པ་ཚིགས་སུ་བཅད་པའི་འགྲེལ་པ། - Metadata,R825B644F མདོ་སྡུད་པ་ཚིགས་སུ་བཅད་པའི་འགྲེལ་པ་ཕ་རོལ་ཏུ་ཕྱིན་པའི་རྒྱ་མཚོའི་སྡེ་དང་། མདོ་དང་བསྟན་བཅོས་སྦྱར་ཚུལ་མ་ཕམ་ཞལ་ལུང་། །Clean Text,R79FDDBD3 སྡུད་པ་ཚིགས་སུ་བཅད་པའི་འགྲེལ་པ། - TOC,R79FDDBD3 སྡུད་པ་ཚིགས་སུ་བཅད་པའི་འགྲེལ་པ། Segmentation,,R79FDDBD3 སྡུད་པ་ཚིགས་སུ་བཅད་པའི་འགྲེལ་པ། - Citation,འགྲེལ་བ། {ཡི་གེ},འཕགས་པ་སྡུད་པ། - Clean root Text,R79FDDBD3 སྡུད་པ་ཚིགས་སུ་བཅད་པའི་འགྲེལ་པ། - Tsadel,Commentary Alignments,འཕགས་པ་ཤེས་རབ་ཀྱི་ཕ་རོལ་ཏུ་ཕྱིན་པ་སྡུད་པ་ཚིགས་སུ་བཅད་པའི་ཊཱི་ཀ་ཡིད་བཞིན་གྱི་ནོར་བུ་རིན་པོ་ཆེ་ལྟ་བུ་ཕ་རོལ་ཏུ་ཕྱིན་པ་རྒྱ་མཚོའི་སྡེ་ཞེས་བྱ་བ་བཞུགས་སོ།།,ཀརྨ་མི་བསྐྱོད་རྡོ་རྗེ།,Lobsang Dhondup,880,Done,,
R09FD3ABF ཡོན་ཏན་རིན་ཆེན་སྡུད་པའི་འགྲེལ་པ་རྒྱལ་བའི་ཡུམ་གྱི་དགོངས་དོན་ལ་ཕྱིན་ཅི་མ་ལོག་པར་འཇུག་པའི་ལེགས་བཤད་ཅེས་བྱ་བ་བཞུགས།-Metadata,R09FD3ABF ཡོན་ཏན་རིན་ཆེན་སྡུད་པའི་འགྲེལ་པ་རྒྱལ་བའི་ཡུམ་གྱི་དགོངས་དོན་ལ་ཕྱིན་ཅི་མ་ལོག་པར་འཇུག་པའི་ལེགས་བཤད་ཅེས་བྱ་བ་བཞུགས།-Clean text,R09FD3ABF ཡོན་ཏན་རིན་ཆེན་སྡུད་པའི་འགྲེལ་པ་རྒྱལ་བའི་ཡུམ་གྱི་དགོངས་དོན་ལ་ཕྱིན་ཅི་མ་ལོག་པར་འཇུག་པའི་ལེགས་བཤད་ཅེས་བྱ་བ་བཞུགས། TOC,R09FD3ABF ཡོན་ཏན་རིན་ཆེན་སྡུད་པའི་འགྲེལ་པ་རྒྱལ་བའི་ཡུམ་གྱི་དགོངས་དོན་ལ་ཕྱིན་ཅི་མ་ལོག་པར་འཇུག་པའི་ལེགས་བཤད་ཅེས་བྱ་བ་བཞུགས། - Sentence- Segn,,,འབྲུ་འགྲེལ།,འཕགས་པ་སྡུད་པ། - Clean root Text,R09FD3ABF ཡོན་ཏན་རིན་ཆེན་སྡུད་པའི་འགྲེལ་པ་རྒྱལ་བའི་ཡུམ་གྱི་དགོངས་དོན་ལ་ཕྱིན་ཅི་མ་ལོག་པར་འཇུག་པའི་ལེགས་བཤད་ཅེས་བྱ་བ་བཞུགས།,Commentary Alignments,ཡོན་ཏན་རིན་ཆེན་སྡུད་པའི་འགྲེལ་པ་རྒྱལ་བའི་ཡུམ་གྱི་དགོངས་དོན་ལ་ཕྱིན་ཅི་མ་ལོག་པར་འཇུག་པའི་ལེགས་བཤད་ཅེས་བྱ་བ་བཞུགས་སོ། །,འཇུ་མི་ཕམ།,kalsang Gyaltsen,545,Done,,
R0804AAA2 ཕགས་པ་མདོ་སྡུད་པའི་འགྲེལ་པ་རྒྱས་པ་སྤས་དོན་གསལ་བའི་སྒྲོན་མེ། - Metadata,R0804AAA2 ཕགས་པ་མདོ་སྡུད་པའི་འགྲེལ་པ་རྒྱས་པ་སྤས་དོན་གསལ་བའི་སྒྲོན་མེ།  - Clean Text  ,R0804AAA2 ཕགས་པ་མདོ་སྡུད་པའི་འགྲེལ་པ་རྒྱས་པ་སྤས་དོན་གསལ་བའི་སྒྲོན་མེ། ས་བཅད། - TOC.docx,R0804AAA2 ཕགས་པ་མདོ་སྡུད་པའི་འགྲེལ་པ་རྒྱས་པ་སྤས་དོན་གསལ་བའི་སྒྲོན་མེ། - Sentence-Segm,,R0804AAA2 ཕགས་པ་མདོ་སྡུད་པའི་འགྲེལ་པ་རྒྱས་པ་སྤས་དོན་གསལ་བའི་སྒྲོན་མེ།  - Citation,འགྲེལ་བ། {ཡི་གེ},R0804AAA2  འཕགས་པ་སྡུད་པ། - Root text Tsadrel,R0804AAA2 ཕགས་པ་མདོ་སྡུད་པའི་འགྲེལ་པ་རྒྱས་པ་སྤས་དོན་གསལ་བའི་སྒྲོན་མེ། -Tsadrel,Commentary Alignments,འཕགས་པ་མདོ་སྡུད་པའི་འགྲེལ་པ་རྒྱས་པ་སྤས་དོན་གསལ་བའི་སྒྲོན་མེ།,ཤཱ་ས་ན་དཱི་བཾ།,,,,,
R7AABAABE ཡོན་ཏན་རིན་པོ་ཆེ་སྡུད་པ་ཚིགས་སུ་བཅད་པའི་འགྲེལ་པ། - Metadata,,R7AABAABE ཡོན་ཏན་རིན་པོ་ཆེ་སྡུད་པ་ཚིགས་སུ་བཅད་པའི་འགྲེལ་པ། - Clean Formatted Text with TOC.docx,,,,འགྲེལ་བ། {ཡི་གེ},R7AABAABE འཕགས་པ་སྡུད་པ། - Root text Tsadrel,R7AABAABE ཡོན་ཏན་རིན་པོ་ཆེ་སྡུད་པ་ཚིགས་སུ་བཅད་པའི་འགྲེལ་པ། - Commentary Tsadrel Alignment,Commentary Alignment ,ཡོན་ཏན་རིན་པོ་ཆེ་སྡུད་པ་ཚིགས་སུ་བཅད་པའི་འགྲེལ་པ།,མཁྱེན་རབ་འཇམ་དབྱངས་བློ་བཟང་འཕྲིན་ལས།,,,,,
,,,,,,,,,,,,,,,,
སྤྱོད་འཇུག,,,,,,,,,,,,,,,,
,,👇 Official Root Content 👇,,,,,👇 Official Segmentation & Chapters 👇,,,,,,,,,
F69B2A09 བྱང་ཆུབ་སེམས་དཔའི་སྤྱོད་པ་ལ་འཇུག་པ།  - Metadata,,F69B2A09 སྤྱོད་འཇུག རྕ་བ་- Clean Formatted Text with TOC.docx,,,,རྩ་བ། Sanskrit Tsawa Align,F69B2A09 བྱང་ཆུབ་སེམས་དཔའི་སྤྱོད་པ་ལ་འཇུག་པ།  - Clean Tsawa,སྤྱོད་འཇུག - बोधिचर्यावतारः Sanskrit Root Text Alignment,Tsawa and Sanskrit Alignment,སྤྱོད་འཇུག,རྒྱལ་སྲས་ཞི་བ་ལྷ། ,,,,,
R46DA1A6D སྤྱོད་འཇུག་ཟིན་བྲིས་དང་ཚིག་འགྲེལ་འཇམ་དབྱངས་བླ་མའི་ཞལ་ལུང་བདུད་རྩིའི་ཐིག་པ། - Metadata,,R46DA1A6D སྤྱོད་འཇུག་ཟིན་བྲིས་དང་ཚིག་འགྲེལ་འཇམ་དབྱངས་བླ་མའི་ཞལ་ལུང་བདུད་རྩིའི་ཐིག་པ། - Clean Formatted Text with TOC.docx,,,,འགྲེལ་བ། {ཡི་གེ},R46DA1A6D སྤྱོད་འཇུག རྕ་བ། - Root text Tsadrel,R46DA1A6D སྤྱོད་འཇུག་ཟིན་བྲིས་དང་ཚིག་འགྲེལ་འཇམ་དབྱངས་བླ་མའི་ཞལ་ལུང་བདུད་རྩིའི་ཐིག་པ། - Commentary Tsadrel Alignment,Commentary Alignments,སྤྱོད་འཇུག་ཟིན་བྲིས་དང་ཚིག་འགྲེལ་འཇམ་དབྱངས་བླ་མའི་ཞལ་ལུང་བདུད་རྩིའི་ཐིག་པ།,མཁན་ཆེན་ཀུན་བཟང་དཔལ་ལྡན། /Kunzang Pelden,,,,,
R8B4D6B85 སྤྱོད་འཇུག་རྣམ་བཤད་རྒྱལ་སྲས་འཇུག་ངོགས། - Metadata,,R8B4D6B85 སྤྱོད་འཇུག་རྣམ་བཤད་རྒྱལ་སྲས་འཇུག་ངོགས། - Clean Formatted Text with TOC.docx,,,,འགྲེལ་བ། {ཡི་གེ},R8B4D6B85 སྤྱོད་འཇུག རྕ་བ། - Root text Tsadrel,R8B4D6B85 སྤྱོད་འཇུག་རྣམ་བཤད་རྒྱལ་སྲས་འཇུག་ངོགས། - Commentary Tsadrel Alignment,Commentary Alignments,སྤྱོད་འཇུག་རྣམ་བཤད་རྒྱལ་སྲས་འཇུག་ངོགས།,རྒྱལ་ཚབ་དར་མ་རིན་ཆེན། /Gyeltsabje Darma Rinchen 贾策杰·达玛仁钦,,,,,
R4CE7F499 སྤྱོད་འཇུག་གི་འགྲེལ་པ་ལེགས་པར་བཤད་པའི་རྒྱ་མཚོ། - Metadata,,R4CE7F499 སྤྱོད་འཇུག་གི་འགྲེལ་པ་ལེགས་པར་བཤད་པའི་རྒྱ་མཚོ། - Clean Formatted Text with TOC.docx,,,,འགྲེལ་བ། {ཡི་གེ},R4CE7F499  སྤྱོད་འཇུག རྕ་བ། - Root text Tsadrel,R4CE7F499 སྤྱོད་འཇུག་གི་འགྲེལ་པ་ལེགས་པར་བཤད་པའི་རྒྱ་མཚོ། - Commentary Tsadrel Alignment,Commentary Alignments,སྤྱོད་འཇུག་གི་འགྲེལ་པ་ལེགས་པར་བཤད་པའི་རྒྱ་མཚོ།,དངུལ་ཆུ་ཐོགས་མེད་བཟང་པོ། ,,,,,
R8D5953D0 བྱང་ཆུབ་སེམས་དཔའི་སྤྱོད་པ་ལ་འཇུག་པ་ཞེས་བྱ་བའི་མཆན་འགྲེལ། - Metadata,,R8D5953D0 བྱང་ཆུབ་སེམས་དཔའི་སྤྱོད་པ་ལ་འཇུག་པ་ཞེས་བྱ་བའི་མཆན་འགྲེལ། - Clean Formatted Text with TOC.docx,,,,འགྲེལ་བ། {ཡི་གེ},R8D5953D0 སྤྱོད་འཇུག རྕ་བ། - Root text Tsadrel,R8D5953D0 བྱང་ཆུབ་སེམས་དཔའི་སྤྱོད་པ་ལ་འཇུག་པ་ཞེས་བྱ་བའི་མཆན་འགྲེལ། - Commentary Tsadrel Alignment,Commentary Alignment ,བྱང་ཆུབ་སེམས་དཔའི་སྤྱོད་པ་ལ་འཇུག་པ་ཞེས་བྱ་བའི་མཆན་འགྲེལ།,མཁན་པོ་གཞན་དགའ། / Khenpo Zhenga Zhenpen Chokyi Nangwa,,,,,
R8D4B3A0C སྤྱོད་འཇུག་གི་འབྲུ་འགྲེལ་དབུ་མའི་ལམ་གྱི་སྒྲོན་མ། - Metadata,,R8D4B3A0C སྤྱོད་འཇུག་གི་འབྲུ་འགྲེལ་དབུ་མའི་ལམ་གྱི་སྒྲོན་མ། - Clean Formatted Text with TOC.docx,,,,འགྲེལ་བ། {ཡི་གེ},R8D4B3A0C སྤྱོད་འཇུག རྕ་བ། - Root text Tsadrel,R8D4B3A0C སྤྱོད་འཇུག་གི་འབྲུ་འགྲེལ་དབུ་མའི་ལམ་གྱི་སྒྲོན་མ། - Commentary Tsadrel Alignment,,སྤྱོད་འཇུག་གི་འབྲུ་འགྲེལ་དབུ་མའི་ལམ་གྱི་སྒྲོན་མ།,འབྲུག་པ་པདྨ་དཀར་པོ།,Yeshi Lhundup,,,,
,,,,,,,,,,,,,,,,
R6F6BF20A བྱང་ཆུབ་སེམས་དཔའི་སྤྱོད་པ་ལ་འཇུག་པའི་རྣམ་པར་བཤད་པ་གཞུང་དོན་སྣང་བ། - Metadata,,R6F6BF20A བྱང་ཆུབ་སེམས་དཔའི་སྤྱོད་པ་ལ་འཇུག་པའི་རྣམ་པར་བཤད་པ་གཞུང་དོན་སྣང་བ། - Clean Formatted Text with TOC.docx,,,,འགྲེལ་བ། {ཡི་གེ},R6F6BF20A  སྤྱོད་འཇུག རྩ་བ། - Root text Tsadrel,R6F6BF20A བྱང་ཆུབ་སེམས་དཔའི་སྤྱོད་པ་ལ་འཇུག་པའི་རྣམ་པར་བཤད་པ་གཞུང་དོན་སྣང་བ། - Commentary Tsadrel Alignment ,Commentary Alignment ,"བྱང་ཆུབ་སེམས་དཔའི་སྤྱོད་པ་ལ་འཇུག་པའི་རྣམ་པར་བཤད་པ་གཞུང་དོན་སྣང་བ།",ལོ་ཙཱ་བ་བློ་གྲོས་དཔལ་བཟང་། / Jonang Lotsāwa Lodro Pel,Drongbu lobsang (Done),,,,
R9A454784 བྱང་ཆུབ་སེམས་དཔའི་སྤྱོད་པ་ལ་འཇུག་པའི་ལེགས་པར་སྦྱར་བ། - Metadata,,R9A454784 བྱང་ཆུབ་སེམས་དཔའི་སྤྱོད་པ་ལ་འཇུག་པའི་ལེགས་པར་སྦྱར་བ། - Clean Formatted Text with TOC.docx,,,,འགྲེལ་བ། {ཡི་གེ},R9A454784 སྤྱོད་འཇུག རྕ་བ། - Root text Tsadrel,R9A454784 བྱང་ཆུབ་སེམས་དཔའི་སྤྱོད་པ་ལ་འཇུག་པའི་ལེགས་པར་སྦྱར་བ། - Commentary Tsadrel Alignment,Commentary Alignment ,བྱང་ཆུབ་སེམས་དཔའི་སྤྱོད་པ་ལ་འཇུག་པའི་ལེགས་པར་སྦྱར་བ།,ཨ་ཙ་རྱ་དགེ་བའི་ལྷ། /Kalyāṇadeva ,དོན་གྲུབ། བཟོས་ཟིན།,,,,
R7C4F81AA སྤྱོད་འཇུག་འགྲེལ་པ་མཚུངས་མེད་བླ་མའི་ཞལ་རྒྱུན། - Metadata,,R7C4F81AA སྤྱོད་འཇུག་འགྲེལ་པ་མཚུངས་མེད་བླ་མའི་ཞལ་རྒྱུན། - Clean Formatted Text with TOC.docx,,,,འགྲེལ་བ། {ཡི་གེ},R7C4F81AA སྤྱོད་འཇུག རྕ་བ། - Root text Tsadrel,R7C4F81AA སྤྱོད་འཇུག་འགྲེལ་པ་མཚུངས་མེད་བླ་མའི་ཞལ་རྒྱུན། - Commentary Tsadrel Alignment,,སྤྱོད་འཇུག་འགྲེལ་པ་མཚུངས་མེད་བླ་མའི་ཞལ་རྒྱུན།,ཚྭ་ཉག་ཤེས་རབ་མཐར་ཕྱིན།,Yeshi Lhundup,,,,
R4FF99FF8 སྤྱོད་འཇུག་འགྲེལ་པ་གཞུང་དོན་རབ་གསལ་སྣང་བ། - Metadata,,R4FF99FF8 སྤྱོད་འཇུག་འགྲེལ་པ་གཞུང་དོན་རབ་གསལ་སྣང་བ། - Clean Formatted Text with TOC.docx,,,,འགྲེལ་བ། {ཡི་གེ},R4FF99FF8 སྤྱོད་འཇུག རྕ་བ། - Root text Tsadrel,R4FF99FF8 སྤྱོད་འཇུག་འགྲེལ་པ་གཞུང་དོན་རབ་གསལ་སྣང་བ། - Commentary Tsadrel Alignment,Commentary Alignment ,སྤྱོད་འཇུག་འགྲེལ་པ་གཞུང་དོན་རབ་གསལ་སྣང་བ།,ས་བཟང་མ་ཏི་པཎ་ཆེན་བློ་གྲོས་རྒྱལ་མཚན།/Sabzang Mati Paṇchen Lodro Gyeltsen,དོན་གྲུབ། བཟོས་ཟིན།,,,,
R9B72A4A4 བྱང་ཆུབ་ཀྱི་སྤྱོད་པ་ལ་འཇུག་པའི་དགོངས་པའི་འགྲེལ་པ་ཁྱད་པར་གསལ་བྱེད། - Metadata,,R9B72A4A4 བྱང་ཆུབ་ཀྱི་སྤྱོད་པ་ལ་འཇུག་པའི་དགོངས་པའི་འགྲེལ་པ་ཁྱད་པར་གསལ་བྱེད། - Clean Formatted Text with TOC.docx,,,,འགྲེལ་བ། {ཡི་གེ},R9B72A4A4 སྤྱོད་འཇུག རྕ་བ། - Root text Tsadrel,R9B72A4A4 བྱང་ཆུབ་ཀྱི་སྤྱོད་པ་ལ་འཇུག་པའི་དགོངས་པའི་འགྲེལ་པ་ཁྱད་པར་གསལ་བྱེད། - Commentary Tsadrel Alignment,Commentary Alignment ,བྱང་ཆུབ་ཀྱི་སྤྱོད་པ་ལ་འཇུག་པའི་དགོངས་པའི་འགྲེལ་པ་ཁྱད་པར་གསལ་བྱེད་ཅེས་བྱ་བ།,པཎྜི་ཏ་བི་བྷུ་ཏི་ཙནྡྲ། པཎྜི་ཏ་བི་བྷུ་ཏི་ཙནྡྲ། Bhūticandra Vibhūticandra,དོན་གྲུབ། བཟོས་ཟིན།,,,,
R6F6FCD5B སྤྱོད་འཇུག་འགྲེལ་པ་ངེས་ལེགས་མཛོད། - Metadata,,R6F6FCD5B སྤྱོད་འཇུག་འགྲེལ་པ་ངེས་ལེགས་མཛོད། - Clean Formatted Text with TOC.docx,,,,འགྲེལ་བ། {ཡི་གེ},R6F6FCD5B སྤྱོད་འཇུག རྕ་བ། - Root text Tsadrel,R6F6FCD5B སྤྱོད་འཇུག་འགྲེལ་པ་ངེས་ལེགས་མཛོད། - Commentary Tsadrel Alignment,Commentary Alignment ,སྤྱོད་འཇུག་འགྲེལ་པ་ངེས་ལེགས་མཛོད།,སྨུག་སངས་ཀརྨ་ཚེ་དཔལ།,Drongbu lobsang(Done),,,,
R5AE8A774 བྱང་ཆུབ་སེམས་དཔའི་སྤྱོད་པ་ལ་འཇུག་པའི་རྣམ་པར་བཤད་པ་ཐེག་ཆེན་ཆོས་ཀྱི་རྒྱ་མཚོ་ཟབ་རྒྱས་མཐའ་ཡས་པའི་སྙིང་པོ། - Metadata,,R5AE8A774 བྱང་ཆུབ་སེམས་དཔའི་སྤྱོད་པ་ལ་འཇུག་པའི་རྣམ་པར་བཤད་པ་ཐེག་ཆེན་ཆོས་ཀྱི་རྒྱ་མཚོ་ཟབ་རྒྱས་མཐའ་ཡས་པའི་སྙིང་པོ། - Clean Formatted Text with TOC.docx,,,,འགྲེལ་བ། {ཡི་གེ},R5AE8A774 སྤྱོད་འཇུག རྕ་བ། - Root text Tsadrel,R5AE8A774 བྱང་ཆུབ་སེམས་དཔའི་སྤྱོད་པ་ལ་འཇུག་པའི་རྣམ་པར་བཤད་པ་ཐེག་ཆེན་ཆོས་ཀྱི་རྒྱ་མཚོ་ཟབ་རྒྱས་མཐའ་ཡས་པའི་སྙིང་པོ། - Commentary Tsadrel Alignment,Commentary Alignment ,བྱང་ཆུབ་སེམས་དཔའི་སྤྱོད་པ་ལ་འཇུག་པའི་རྣམ་པར་བཤད་པ་ཐེག་ཆེན་ཆོས་ཀྱི་རྒྱ་མཚོ་ཟབ་རྒྱས་མཐའ་ཡས་པའི་སྙིང་པོ།,དཔའ་བོ་གཙུག་ལག་ཕྲེང་བ།,དོན་གྲུབ། བཟོས་ཟིན།,,,,
R61DA15BC བྱང་ཆུབ་སེམས་དཔའི་སྤྱོད་པ་ལ་འཇུག་པའི་འགྲེལ་པ། - Metadata,,R61DA15BC བྱང་ཆུབ་སེམས་དཔའི་སྤྱོད་པ་ལ་འཇུག་པའི་འགྲེལ་པ། - Clean Formatted Text with TOC.docx,,,,འགྲེལ་བ། {ཡི་གེ},R61DA15BC སྤྱོད་འཇུག རྕ་བ། - Root text Tsadrel,R61DA15BC བྱང་ཆུབ་སེམས་དཔའི་སྤྱོད་པ་ལ་འཇུག་པའི་འགྲེལ་པ། - Commentary Tsadrel Alignment,Commentary Alignment ,བྱང་ཆུབ་སེམས་དཔའི་སྤྱོད་པ་ལ་འཇུག་པའི་འགྲེལ་པ།,མཁན་ཆེན་ཀུན་དགའ་དབང་ཕྱུག,Drongbu lobsang (Done),,,,
R9ACAFA99 བྱང་ཆུབ་སེམས་དཔའི་སྤྱོད་པ་ལ་འཇུག་པའི་དཀའ་འགྲེལ། - Metadata,,R9ACAFA99 བྱང་ཆུབ་སེམས་དཔའི་སྤྱོད་པ་ལ་འཇུག་པའི་དཀའ་འགྲེལ། - Clean Formatted Text with TOC.docx,,,,འགྲེལ་བ། {ཡི་གེ},R9ACAFA99 སྤྱོད་འཇུག རྕ་བ། - Root text Tsadrel,R9ACAFA99 བྱང་ཆུབ་སེམས་དཔའི་སྤྱོད་པ་ལ་འཇུག་པའི་དཀའ་འགྲེལ། - Commentary Tsadrel Alignment,Commentary Alignment ,བྱང་ཆུབ་སེམས་དཔའི་སྤྱོད་པ་ལ་འཇུག་པའི་དཀའ་འགྲེལ།,ཤེས་རབ་འབྱུང་གནས་བློ་གྲོས།,Drongbu lobsang (Done),,,,
R7F7F6FC2 བྱང་ཆུབ་སེམས་དཔའི་སྤྱོད་པ་ལ་འཇུག་པའི་འགྲེལ་པ། - Metadata,,R7F7F6FC2 བྱང་ཆུབ་སེམས་དཔའི་སྤྱོད་པ་ལ་འཇུག་པའི་འགྲེལ་པ། - Clean Formatted Text with TOC.docx,,,,འགྲེལ་བ། {ཡི་གེ},R7F7F6FC2 སྤྱོད་འཇུག རྕ་བ། - Root text Tsadrel,R7F7F6FC2 བྱང་ཆུབ་སེམས་དཔའི་སྤྱོད་པ་ལ་འཇུག་པའི་འགྲེལ་པ། - Commentary Tsadrel Alignment,Commentary Alignment ,བྱང་ཆུབ་སེམས་དཔའི་སྤྱོད་པ་ལ་འཇུག་པའི་འགྲེལ་པ།,སློབ་དཔོན་བསོད་ནམས་རྩེ་མོ།,དོན་གྲུབ། བཟོས་ཟིན།,,,,
R7D2C5953 སྤྱོད་འཇུག་འགྲེལ་པ་རབ་ཏུ་གསལ་བ། - Metadata,,R7D2C5953 སྤྱོད་འཇུག་འགྲེལ་པ་རབ་ཏུ་གསལ་བ། - Clean Formatted Text with TOC.docx,,,,འགྲེལ་བ། {ཡི་གེ},R7D2C5953 སྤྱོད་འཇུག རྕ་བ། - Root text Tsadrel,R7D2C5953 སྤྱོད་འཇུག་འགྲེལ་པ་རབ་ཏུ་གསལ་བ། - Commentary Tsadrel Alignment,,བྱང་ཆུབ་སེམས་དཔའི་སྤྱོད་པ་ལ་འཇུག་པ་ཞེས་བྱ་བའི་འགྲེལ་པ་བཞུགས་སོ།།,བོ་དོང་པཎ་ཆེན་ཕྱོགས་ལས་རྣམ་རྒྱལ། /Bodong Paṇchen Chokle Namgyel 博东·却勒朗杰,Drongbu lobsang (Working on),,,,
R0507CCC1 སྤྱོད་འཇུག་གི་ཚིག་འགྲེལ་གཅེས་བཏུས། - Metadata,,R0507CCC1 སྤྱོད་འཇུག་གི་ཚིག་འགྲེལ་གཅེས་བཏུས། - Clean Formatted Text with TOC.docx,,,,འགྲེལ་བ། {ཡི་གེ},R0507CCC1 སྤྱོད་འཇུག རྕ་བ། - Root text Tsadrel,R0507CCC1 སྤྱོད་འཇུག་གི་ཚིག་འགྲེལ་གཅེས་བཏུས། - Commentary Tsadrel Alignment,Commentary Alignment ,སྤྱོད་འཇུག་གི་ཚིག་འགྲེལ་གཅེས་བཏུས།,མཁན་ཆེན་ཁྲ་འགུ་རིན་པོ་ཆེ།,,,,,
R7F788F87 བྱང་ཆུབ་སེམས་དཔའི་སྤྱོད་པ་ལ་འཇུག་པའི་འགྲེལ་བཤད་རྒྱལ་སྲས་རྒྱ་མཚོའི་ཡོན་ཏན་རིན་པོ་ཆེ་མི་ཟད་འཇོ་བའི་བུམ་བཟང་། - Metadata,,R7F788F87 བྱང་ཆུབ་སེམས་དཔའི་སྤྱོད་པ་ལ་འཇུག་པའི་འགྲེལ་བཤད་རྒྱལ་སྲས་རྒྱ་མཚོའི་ཡོན་ཏན་རིན་པོ་ཆེ་མི་ཟད་འཇོ་བའི་བུམ་བཟང་། - Clean Formatted Text with TOC.docx,,,,འགྲེལ་བ། {ཡི་གེ},R7F788F87 སྤྱོད་འཇུག རྕ་བ། - Root text Tsadrel,R7F788F87 བྱང་ཆུབ་སེམས་དཔའི་སྤྱོད་པ་ལ་འཇུག་པའི་འགྲེལ་བཤད་རྒྱལ་སྲས་རྒྱ་མཚོའི་ཡོན་ཏན་རིན་པོ་ཆེ་མི་ཟད་འཇོ་བའི་བུམ་བཟང་། - Commentary Tsadrel Alignment,Commentary Alignment ,སྤྱོད་འཇུག་གི་འགྲེལ་བཤད།,ཐུབ་བསྟན་ཆོས་ཀྱི་གྲགས་པ།,དོན་གྲུབ། བཟོ་བཞིན་པ།,,,,
,,,,,,,,,,,,,,,,
,,,,,,,,,,,,,,,,
,,,,,,,,,,,,,,,,
R93128D03 ཤེར་སྙིང་རྣམ་བཤད་ཡུམ་དོན་རབ་གསལ།,,,,,,འགྲེལ་བ། {ཡི་གེ},,R93128D03 ཤེར་སྙིང་རྣམ་བཤད་ཡུམ་དོན་རབ་གསལ།-Segmentation,,ཤེར་སྙིང་རྣམ་བཤད་ཡུམ་དོན་རབ་གསལ།,རོང་སྟོན་ཤེས་བྱ་ཀུན་རིག,,,,,https://library.bdrc.io/show/bdr:MW28942_5219E7
R73677AF7 ཤེར་རབ་སྙིང་པོའི་རྣམ་བཤད་ཟབ་མོའི་དེ་ཁོ་ན་ཉིད་གསལ་བར་བྱེད་པའི་ཉི་མ།,,,,,,འགྲེལ་བ། {ཡི་གེ},,R73677AF7 ཤེར་རབ་སྙིང་པོའི་རྣམ་བཤད་ཟབ་མོའི་དེ་ཁོ་ན་ཉིད་གསལ་བར་བྱེད་པའི་ཉི་མ།-Segmentation,,ཤེར་རབ་སྙིང་པོའི་རྣམ་བཤད་ཟབ་མོའི་དེ་ཁོ་ན་ཉིད་གསལ་བར་བྱེད་པའི་ཉི་མ།,ཅོ་ནེ་གྲགས་པ་བཤད་སྒྲུབ།,,,,,http://purl.bdrc.io/resource/WA0XLB01FCA67F626
R4D2984CC ཤེས་རབ་སྙིང་པོའི་འགྲེལ་པ་དོན་གསལ་ནོར་བུའི་འོད།,,,,,,འགྲེལ་བ། {ཡི་གེ},,R4D2984CC ཤེས་རབ་སྙིང་པོའི་འགྲེལ་པ་དོན་གསལ་ནོར་བུའི་འོད།-Segmentation,,ཤེས་རབ་སྙིང་པོའི་འགྲེལ་པ་དོན་གསལ་ནོར་བུའི་འོད།,ཨ་ལག་ཤ་བསྟན་དར།,,,,,http://purl.bdrc.io/resource/WA7303
RF09D1EEF ཤེར་སྙིང་རྣམ་བཤད་སྙིང་པོ་གསལ་བྱེད།,,,,,,འགྲེལ་བ། {ཡི་གེ},,RF09D1EEF ཤེར་སྙིང་རྣམ་བཤད་སྙིང་པོ་གསལ་བྱེད།--Segmentation,,ཤེར་སྙིང་རྣམ་བཤད་སྙིང་པོ་གསལ་བྱེད།,སེམས་དཔའ་རྡོ་རྗེ།,,,,,http://purl.bdrc.io/resource/WA00EGS1016937
RBEAD9D91 ཤེར་སྙིང་གི་མདོའི་སྦས་དོན་མངོན་རྟོགས་གསལ་བའི་ཉི་མ།,,,,,,འགྲེལ་བ། {ཡི་གེ},,RBEAD9D91 ཤེར་སྙིང་གི་མདོའི་སྦས་དོན་མངོན་རྟོགས་གསལ་བའི་ཉི་མ། B-2 Segmentation,,ཤེར་སྙིང་གི་མདོའི་སྦས་དོན་མངོན་རྟོགས་གསལ་བའི་ཉི་མ།,འབྲོང་རྩེ་བློ་བཟང་ཚུལ་ཁྲིམས།,,,,,http://purl.bdrc.io/resource/WA0XLB7BAC4C14643
R46878C73 ཤེས་རབ་སྙིང་པོའི་འགྲེལ་བ་ཟབ་མོ་སྣང་བའི་གཏེར་སྒོ་ཞེས་བྱ་བ་བཞུགས་སོ། །,,,,,,འགྲེལ་བ། {ཡི་གེ},,R46878C73ཤེས་རབ་སྙིང་པོའི་འགྲེལ་བ་ཟབ་མོ་སྣང་བའི་གཏེར་སྒོ་ཞེས་བྱ་བ་བཞུགས་སོ། - Segmentation,,ཤེས་རབ་སྙིང་པོའི་འགྲེལ་བ་བཟོ་མོ་སྣོང་བའི་ཞེས་བྱ་བ།,མཁན་རིན་པོ་ཆེ་ཕྲིན་ལས་རྡོ་རྗེ་དང་ཀུན་མཁྱེན་པདྨ་དཀར་པོ། ,,,,,http://purl.bdrc.io/resource/MW1KG24246
RA6E8F24A ཤེས་རབ་སྙིང་པོའི་མཆན་འགྲེལ་མདོར་བསྡུས། ,,,,,,འགྲེལ་བ། {ཡི་གེ},,RA6E8F24A  ཤེས་རབ་སྙིང་པོའི་མཆན་འགྲེལ་མདོར་བསྡུས། -Segmentation,,ཤེས་རབ་སྙིང་པོའི་མཆན་འགྲེལ་མདོར་བསྡུས། ,བཙུན་གཟུགས་པ།,,,,,http://purl.bdrc.io/resource/WA0XL11F97427B40A