row,column,column_header,section,label,type,id,url,local_file,status
7,A,A_Metadata,རྡོ་རྗེ་གཅོད་པ།,M42AE7A72 རྡོ་རྗེ་གཅོད་པ་རྩ་བ། -Sanskrit Metadata,spreadsheets,1_1PkQyd6smr35TUy7yH1zFwInB9Q_3ruSAfHK6rDLxc,https://docs.google.com/spreadsheets/d/1_1PkQyd6smr35TUy7yH1zFwInB9Q_3ruSAfHK6rDLxc/edit,Dzongsar/01_རྡོ་རྗེ་གཅོད་པ།/A_Metadata/M42AE7A72 རྡོ་རྗེ་གཅོད་པ་རྩ་བ། -Sanskrit Metadata.xlsx,downloaded
7,H,H_Root_text,རྡོ་རྗེ་གཅོད་པ།,M42AE7A72  རྡོ་རྗེ་གཅོད་པ་རྩ་བ། Tibetan-Sanskrit,document,1lKpIJeGMnbM13eHD4aQMyRgzLfSWbpa4Il517YL2EYI,https://docs.google.com/document/d/1lKpIJeGMnbM13eHD4aQMyRgzLfSWbpa4Il517YL2EYI/edit,Dzongsar/01_རྡོ་རྗེ་གཅོད་པ།/H_Root_text/M42AE7A72 རྡོ་རྗེ་གཅོད་པ་རྩ་བ། Tibetan-Sanskrit.docx,downloaded
7,I,I_Commentary_OtherLang,རྡོ་རྗེ་གཅོད་པ།,M42AE7A72  རྡོ་རྗེ་གཅོད་པ་རྩ་བ། Sanskrit- Tibetan,document,1EqG6xuFzFJasTMMovafuzLMgFpNQV9nAT3zbYDo6rxE,https://docs.google.com/document/d/1EqG6xuFzFJasTMMovafuzLMgFpNQV9nAT3zbYDo6rxE/edit,Dzongsar/01_རྡོ་རྗེ་གཅོད་པ།/I_Commentary_OtherLang/M42AE7A72 རྡོ་རྗེ་གཅོད་པ་རྩ་བ། Sanskrit- Tibetan.docx,downloaded
8,H,H_Root_text,རྡོ་རྗེ་གཅོད་པ།,M42AE7A72  རྡོ་རྗེ་གཅོད་པ་རྩ་བ། Tibetan - Chinese,document,1vGLOa5SXrybggQfzPwLF4xpkwr09lnlx_ODZ595nCWE,https://docs.google.com/document/d/1vGLOa5SXrybggQfzPwLF4xpkwr09lnlx_ODZ595nCWE/edit,Dzongsar/01_རྡོ་རྗེ་གཅོད་པ།/H_Root_text/M42AE7A72 རྡོ་རྗེ་གཅོད་པ་རྩ་བ། Tibetan - Chinese.docx,downloaded
8,I,I_Commentary_OtherLang,རྡོ་རྗེ་གཅོད་པ།,M42AE7A72  金剛般若波羅蜜經 - Chinese-Tibetan Tsawa,document,12wVNIm5bhbjJIB87uEHXEux9xv0qjXhKfFqyPkZUCQU,https://docs.google.com/document/d/12wVNIm5bhbjJIB87uEHXEux9xv0qjXhKfFqyPkZUCQU/edit,Dzongsar/01_རྡོ་རྗེ་གཅོད་པ།/I_Commentary_OtherLang/M42AE7A72 金剛般若波羅蜜經 - Chinese-Tibetan Tsawa.docx,downloaded
9,A,A_Metadata,རྡོ་རྗེ་གཅོད་པ།,M42AE7A72 རྡོ་རྗེ་གཅོད་པ། Metadata.xlsx,spreadsheets,1qfweXue782RcawYpHym51FDFq3amj7zB,https://docs.google.com/spreadsheets/d/1qfweXue782RcawYpHym51FDFq3amj7zB/edit,,FAILED
9,B,B_Clean_Text,རྡོ་རྗེ་གཅོད་པ།,M42AE7A72 རྡོ་རྗེ་གཅོད་པ་རྩ་བ།  Clean Root text,document,17Z10V3ECRcZBKeE2g5R2uyLa06KGyrnj19z18qbtmMc,https://docs.google.com/document/d/17Z10V3ECRcZBKeE2g5R2uyLa06KGyrnj19z18qbtmMc/edit,Dzongsar/01_རྡོ་རྗེ་གཅོད་པ།/B_Clean_Text/M42AE7A72 རྡོ་རྗེ་གཅོད་པ་རྩ་བ། Clean Root text.docx,downloaded
9,G,G_Segment_Source,རྡོ་རྗེ་གཅོད་པ།,M42AE7A72  རྡོ་རྗེ་གཅོད་པ་རྩ་བ།  Tsadel,document,1uISaW2HYeS3vCPeAhiDTn-RmwDkM1B7kvhMGTEPyfp0,https://docs.google.com/document/d/1uISaW2HYeS3vCPeAhiDTn-RmwDkM1B7kvhMGTEPyfp0/edit,Dzongsar/01_རྡོ་རྗེ་གཅོད་པ།/G_Segment_Source/M42AE7A72 རྡོ་རྗེ་གཅོད་པ་རྩ་བ། Tsadel.docx,downloaded
10,A,A_Metadata,རྡོ་རྗེ་གཅོད་པ།,RF67A9A4E རྡོ་རྗེ་གཅོད་པའི་དོན་བདུན་གྱི་རྒྱ་ཆེར་འགྲེལ་པ། Metadata,spreadsheets,1rzaT1_M9X4Hj9wUCJAL6bs9XY0liYSlU,https://docs.google.com/spreadsheets/d/1rzaT1_M9X4Hj9wUCJAL6bs9XY0liYSlU/edit,Dzongsar/01_རྡོ་རྗེ་གཅོད་པ།/A_Metadata/RF67A9A4E རྡོ་རྗེ་གཅོད་པའི་དོན་བདུན་གྱི་རྒྱ་ཆེར་འགྲེལ་པ། Metadata.xlsx,downloaded
10,B,B_Clean_Text,རྡོ་རྗེ་གཅོད་པ།,RF67A9A4E རྡོ་རྗེ་གཅོད་པའི་དོན་བདུན་གྱི་རྒྱ་ཆེར་འགྲེལ་པ། - Clean text,document,1YXp-AV0LhN9QFY_FvVjqrqqlfjyvUWLkYrzUi8A5YqQ,https://docs.google.com/document/d/1YXp-AV0LhN9QFY_FvVjqrqqlfjyvUWLkYrzUi8A5YqQ/edit,Dzongsar/01_རྡོ་རྗེ་གཅོད་པ།/B_Clean_Text/RF67A9A4E རྡོ་རྗེ་གཅོད་པའི་དོན་བདུན་གྱི་རྒྱ་ཆེར་འགྲེལ་པ། - Clean text.docx,downloaded
10,C,C_TOC,རྡོ་རྗེ་གཅོད་པ།,RF67A9A4E རྡོ་རྗེ་གཅོད་པའི་དོན་བདུན་གྱི་རྒྱ་ཆེར་འགྲེལ་པ། - TOC,document,1JrPUXhzzI4UqVIi3sV9TtHNJu_04AB7f4BKzcpybLIA,https://docs.google.com/document/d/1JrPUXhzzI4UqVIi3sV9TtHNJu_04AB7f4BKzcpybLIA/edit,Dzongsar/01_རྡོ་རྗེ་གཅོད་པ།/C_TOC/RF67A9A4E རྡོ་རྗེ་གཅོད་པའི་དོན་བདུན་གྱི་རྒྱ་ཆེར་འགྲེལ་པ། - TOC.docx,downloaded
10,H,H_Root_text,རྡོ་རྗེ་གཅོད་པ།,RF67A9A4E རྡོ་རྗེ་གཅོད་པ་རྩ་བ། - Root text Tsadrel,document,1YbH1M2SuojxzlhooOOLzt_wAG6w7-fR8X7_Xyx9HugA,https://docs.google.com/document/d/1YbH1M2SuojxzlhooOOLzt_wAG6w7-fR8X7_Xyx9HugA/edit,,FAILED
10,I,I_Commentary_OtherLang,རྡོ་རྗེ་གཅོད་པ།,RF67A9A4E རྡོ་རྗེ་གཅོད་པའི་དོན་བདུན་གྱི་རྒྱ་ཆེར་འགྲེལ་པ། - Tsadrel,document,1gWYustxDsJLMAdjbeXqyH5jHnR08eQAF3Fvhm61CtTU,https://docs.google.com/document/d/1gWYustxDsJLMAdjbeXqyH5jHnR08eQAF3Fvhm61CtTU/edit,,FAILED
11,A,A_Metadata,རྡོ་རྗེ་གཅོད་པ།,R4B9A8FB5 རྗེ་གཅོད་པ་དང་དེའི་འགྲེལ་པ་ཟབ་དོན་གསལ་བའི་ཉི་མ། Metadate,spreadsheets,1_9An1baTNU9BjXypa-tAMdlhc_nVd-Iy,https://docs.google.com/spreadsheets/d/1_9An1baTNU9BjXypa-tAMdlhc_nVd-Iy/edit,Dzongsar/01_རྡོ་རྗེ་གཅོད་པ།/A_Metadata/R4B9A8FB5 རྗེ་གཅོད་པ་དང་དེའི་འགྲེལ་པ་ཟབ་དོན་གསལ་བའི་ཉི་མ། Metadate.xlsx,downloaded
11,B,B_Clean_Text,རྡོ་རྗེ་གཅོད་པ།,R4B9A8FB5 རྡོ་རྗེ་གཅོད་བའི་འགྲེལ་བ།_ཅོ་ནེ།  - Clean Text,document,1UQXliJNXlomBz8soetYF2qzMEcb3A84_p63x3JSUgZI,https://docs.google.com/document/d/1UQXliJNXlomBz8soetYF2qzMEcb3A84_p63x3JSUgZI/edit,Dzongsar/01_རྡོ་རྗེ་གཅོད་པ།/B_Clean_Text/R4B9A8FB5 རྡོ་རྗེ་གཅོད་བའི་འགྲེལ་བ།_ཅོ་ནེ། - Clean Text.docx,downloaded
11,C,C_TOC,རྡོ་རྗེ་གཅོད་པ།,R4B9A8FB5 རྡོ་རྗེ་གཅོད་བའི་འགྲེལ་བ།_ཅོ་ནེ། TOC.docx,document,1kPKXh1hnYl94dcFoawyP_CYadvZHXNot,https://docs.google.com/document/d/1kPKXh1hnYl94dcFoawyP_CYadvZHXNot/edit,Dzongsar/01_རྡོ་རྗེ་གཅོད་པ།/C_TOC/R4B9A8FB5 རྡོ་རྗེ་གཅོད་བའི་འགྲེལ་བ།_ཅོ་ནེ། TOC.docx,downloaded
11,H,H_Root_text,རྡོ་རྗེ་གཅོད་པ།,R4B9A8FB5 རྡོ་རྗེ་གཅོད་པ་རྩ་བ། - Root text Tsadrel,document,1Jr9PWeaval71bIHOA3ts_lWBRQ0eN3SdoF2vqVd7Vus,https://docs.google.com/document/d/1Jr9PWeaval71bIHOA3ts_lWBRQ0eN3SdoF2vqVd7Vus/edit,,FAILED
11,I,I_Commentary_OtherLang,རྡོ་རྗེ་གཅོད་པ།,R4B9A8FB5 རྡོ་རྗེ་གཅོད་བའི་འགྲེལ་བ།_ཅོ་ནེ།  - Tsadrel,document,1wHeHwLEAbcCHQq62p7fu1igbY1TwZzne9ZrMwT2GOSg,https://docs.google.com/document/d/1wHeHwLEAbcCHQq62p7fu1igbY1TwZzne9ZrMwT2GOSg/edit,,FAILED
12,A,A_Metadata,རྡོ་རྗེ་གཅོད་པ།,RF161D626 རྡོ་རྗེ་གཅོད་པའི་རྒྱ་ཆེར་འགྲེལ་པ། - Metadata.xlsx,spreadsheets,1NsJgYeHiDQgvibkDGBXrkY98X3ecWXef,https://docs.google.com/spreadsheets/d/1NsJgYeHiDQgvibkDGBXrkY98X3ecWXef/edit,Dzongsar/01_རྡོ་རྗེ་གཅོད་པ།/A_Metadata/RF161D626 རྡོ་རྗེ་གཅོད་པའི་རྒྱ་ཆེར་འགྲེལ་པ། - Metadata.xlsx,downloaded
12,B,B_Clean_Text,རྡོ་རྗེ་གཅོད་པ།,RF161D626 རྡོ་རྗེ་གཅོད་པའི་རྒྱ་ཆེར་འགྲེལ་པ། - Clean Text,document,1-1DedSvfT8POnXm-uFFdu0rdi4QAROfE0l5jyuzGzbM,https://docs.google.com/document/d/1-1DedSvfT8POnXm-uFFdu0rdi4QAROfE0l5jyuzGzbM/edit,Dzongsar/01_རྡོ་རྗེ་གཅོད་པ།/B_Clean_Text/RF161D626 རྡོ་རྗེ་གཅོད་པའི་རྒྱ་ཆེར་འགྲེལ་པ། - Clean Text.docx,downloaded
12,C,C_TOC,རྡོ་རྗེ་གཅོད་པ།,RF161D626 རྡོ་རྗེ་གཅོད་པའི་རྒྱ་ཆེར་འགྲེལ་པ། - TOC,document,1AQWTRqYVxXmAViyyjZ8DreqjDJBnFkjMVgOXQMHfvKA,https://docs.google.com/document/d/1AQWTRqYVxXmAViyyjZ8DreqjDJBnFkjMVgOXQMHfvKA/edit,Dzongsar/01_རྡོ་རྗེ་གཅོད་པ།/C_TOC/RF161D626 རྡོ་རྗེ་གཅོད་པའི་རྒྱ་ཆེར་འགྲེལ་པ། - TOC.docx,downloaded
12,H,H_Root_text,རྡོ་རྗེ་གཅོད་པ།,RF161D626 རྡོ་རྗེ་གཅོད་པ་རྩ་བ། - Root text Tsadrel,document,1B5-mRFhzN1umK1zdq06n65LDEY66u9lvif8Y1BsEphA,https://docs.google.com/document/d/1B5-mRFhzN1umK1zdq06n65LDEY66u9lvif8Y1BsEphA/edit,Dzongsar/01_རྡོ་རྗེ་གཅོད་པ།/H_Root_text/RF161D626 རྡོ་རྗེ་གཅོད་པ་རྩ་བ། - Root text Tsadrel.docx,downloaded
12,I,I_Commentary_OtherLang,རྡོ་རྗེ་གཅོད་པ།,RF161D626 རྡོ་རྗེ་གཅོད་པའི་རྒྱ་ཆེར་འགྲེལ་པ། - Tsadrel,document,19w_fbZQvB0_0svsJiVRnZ1Lwmog4rG9Dzp7s51YqYtg,https://docs.google.com/document/d/19w_fbZQvB0_0svsJiVRnZ1Lwmog4rG9Dzp7s51YqYtg/edit,,FAILED
13,I,I_Commentary_OtherLang,རྡོ་རྗེ་གཅོད་པ།,R3452D71B རྡོ་རྗེ་གཅོད་པའི་བསྡུས་དོན་འགྲེལ་པ་ཀ་མ་ལ་ཤཱི་ལའི་ཞལ་ལུང་བཞོགས་སོ།,document,1NJUXO51orukyQQAQCfx7-0gXJOIY_at3fB--g-XM0iA,https://docs.google.com/document/d/1NJUXO51orukyQQAQCfx7-0gXJOIY_at3fB--g-XM0iA/edit,Dzongsar/01_རྡོ་རྗེ་གཅོད་པ།/I_Commentary_OtherLang/R3452D71B རྡོ་རྗེ་གཅོད་པའི་བསྡུས་དོན་འགྲེལ་པ་ཀ་མ་ལ་ཤཱི་ལའི་ཞལ་ལུང་བཞོག.docx,downloaded
14,I,I_Commentary_OtherLang,རྡོ་རྗེ་གཅོད་པ།,R76E83977 རྡོ་རྗེ་གཅོད་པའི་ཕན་ཡོན། - B2,document,1PTToPKQJdJA5hQkXcQuwXhhTQx64WODX2o2d3WFtHzg,https://docs.google.com/document/d/1PTToPKQJdJA5hQkXcQuwXhhTQx64WODX2o2d3WFtHzg/edit,Dzongsar/01_རྡོ་རྗེ་གཅོད་པ།/I_Commentary_OtherLang/R76E83977 རྡོ་རྗེ་གཅོད་པའི་ཕན་ཡོན། - B2.docx,downloaded
16,A,A_Metadata,རྡོ་རྗེ་གཅོད་པ།,MFF4994FD金剛波羅蜜經 Metadata.xlsx,spreadsheets,1s0rbFptMREUSF5BNXaWt6WtEHm3umvSI,https://docs.google.com/spreadsheets/d/1s0rbFptMREUSF5BNXaWt6WtEHm3umvSI/edit,Dzongsar/01_རྡོ་རྗེ་གཅོད་པ།/A_Metadata/MFF4994FD金剛波羅蜜經 Metadata.xlsx,downloaded
17,A,A_Metadata,རྡོ་རྗེ་གཅོད་པ།,R434373A0金剛般若波羅蜜經論 Metadata,spreadsheets,1cUg1lRtkdKTuFUVtSO4C67pEc062-bw-,https://docs.google.com/spreadsheets/d/1cUg1lRtkdKTuFUVtSO4C67pEc062-bw-/edit,Dzongsar/01_རྡོ་རྗེ་གཅོད་པ།/A_Metadata/R434373A0金剛般若波羅蜜經論 Metadata.xlsx,downloaded
17,H,H_Root_text,རྡོ་རྗེ་གཅོད་པ།,R434373A0金剛波羅蜜經 Root text Tsadrel,document,1939pgd4fiYEwDMYUPw79mrT9lKSCPoctJjrSArpQE1g,https://docs.google.com/document/d/1939pgd4fiYEwDMYUPw79mrT9lKSCPoctJjrSArpQE1g/edit,Dzongsar/01_རྡོ་རྗེ་གཅོད་པ།/H_Root_text/R434373A0金剛波羅蜜經 Root text Tsadrel.docx,downloaded
17,I,I_Commentary_OtherLang,རྡོ་རྗེ་གཅོད་པ།,R434373A0金剛般若波羅蜜經論 - Commentary Tsadrel Alignment,document,1Nw1-4nlykZiS7GmlXIvpFchW_FhCxZtZAj05g8fBvig,https://docs.google.com/document/d/1Nw1-4nlykZiS7GmlXIvpFchW_FhCxZtZAj05g8fBvig/edit,Dzongsar/01_རྡོ་རྗེ་གཅོད་པ།/I_Commentary_OtherLang/R434373A0金剛般若波羅蜜經論 - Commentary Tsadrel Alignment.docx,downloaded
18,A,A_Metadata,རྡོ་རྗེ་གཅོད་པ།,R2A8AD21D金剛經解義,spreadsheets,1ZvpqFkzW20G7pHfocN9zHVMOrJ16_MmI5m1eBzku2C0,https://docs.google.com/spreadsheets/d/1ZvpqFkzW20G7pHfocN9zHVMOrJ16_MmI5m1eBzku2C0/edit,Dzongsar/01_རྡོ་རྗེ་གཅོད་པ།/A_Metadata/R2A8AD21D金剛經解義.xlsx,downloaded
18,H,H_Root_text,རྡོ་རྗེ་གཅོད་པ།,R2A8AD21D金剛般若波羅蜜經  - Root text Tsadrel,document,1WiJm2afsImzvLxk9FxWSwDCjP3W7E-SPpK9BWzK7fGI,https://docs.google.com/document/d/1WiJm2afsImzvLxk9FxWSwDCjP3W7E-SPpK9BWzK7fGI/edit,Dzongsar/01_རྡོ་རྗེ་གཅོད་པ།/H_Root_text/R2A8AD21D金剛般若波羅蜜經 - Root text Tsadrel.docx,downloaded
18,I,I_Commentary_OtherLang,རྡོ་རྗེ་གཅོད་པ།,R2A8AD21D金剛經解義-Commentary Tsadrel Alignment,document,17FYXjJS197duutry4I9QC35CZJvyx5uFxYVIvDyvWyA,https://docs.google.com/document/d/17FYXjJS197duutry4I9QC35CZJvyx5uFxYVIvDyvWyA/edit,Dzongsar/01_རྡོ་རྗེ་གཅོད་པ།/I_Commentary_OtherLang/R2A8AD21D金剛經解義-Commentary Tsadrel Alignment.docx,downloaded
19,A,A_Metadata,རྡོ་རྗེ་གཅོད་པ།,RAF408FDA 金剛般若經贊述- Metadata.xlsx.xlsx,spreadsheets,1L27Q3j-1DIyoonB_9Wd5kfQimwxkz2u3,https://docs.google.com/spreadsheets/d/1L27Q3j-1DIyoonB_9Wd5kfQimwxkz2u3/edit,,FAILED
19,H,H_Root_text,རྡོ་རྗེ་གཅོད་པ།,RAF408FDA 金剛波羅蜜經 - Root text Tsadrel,document,1Dsi3ZX2ZgHHFMlqNLPwfBbrkTThDaIgRJwxgDrSHVjg,https://docs.google.com/document/d/1Dsi3ZX2ZgHHFMlqNLPwfBbrkTThDaIgRJwxgDrSHVjg/edit,,FAILED
19,I,I_Commentary_OtherLang,རྡོ་རྗེ་གཅོད་པ།,RAF408FDA 金剛般若經贊述   - Commentary Tsadrel Alignment,document,1H7FB-eJLSb1350Z603Z5qJXFndB-KXF_xcCy0wCO92E,https://docs.google.com/document/d/1H7FB-eJLSb1350Z603Z5qJXFndB-KXF_xcCy0wCO92E/edit,,FAILED
20,A,A_Metadata,རྡོ་རྗེ་གཅོད་པ།,R92439761 金剛般若波羅蜜經義脈.xlsx,spreadsheets,1uJ_xIZQl9aXaESpTz_yUWZ6z3GryT-2Z,https://docs.google.com/spreadsheets/d/1uJ_xIZQl9aXaESpTz_yUWZ6z3GryT-2Z/edit,Dzongsar/01_རྡོ་རྗེ་གཅོད་པ།/A_Metadata/R92439761 金剛般若波羅蜜經義脈.xlsx,downloaded
20,H,H_Root_text,རྡོ་རྗེ་གཅོད་པ།,R92439761 金剛般若波羅蜜經- Root text Tsadrel,document,16UqdkgqAo7nE5roJIWJrgCAHoC7uVKX_AYe8yLg_Pro,https://docs.google.com/document/d/16UqdkgqAo7nE5roJIWJrgCAHoC7uVKX_AYe8yLg_Pro/edit,Dzongsar/01_རྡོ་རྗེ་གཅོད་པ།/H_Root_text/R92439761 金剛般若波羅蜜經- Root text Tsadrel.docx,downloaded
20,I,I_Commentary_OtherLang,རྡོ་རྗེ་གཅོད་པ།,R92439761 金剛般若波羅蜜經義脈.docx,document,1JdhV9a3Ey6jqZjwyKCR5gVNlAnGBFn8F,https://docs.google.com/document/d/1JdhV9a3Ey6jqZjwyKCR5gVNlAnGBFn8F/edit,Dzongsar/01_རྡོ་རྗེ་གཅོད་པ།/I_Commentary_OtherLang/R92439761 金剛般若波羅蜜經義脈.docx,downloaded
21,A,A_Metadata,རྡོ་རྗེ་གཅོད་པ།,R96396549金剛般若波羅蜜經註解,spreadsheets,1rjiTffNOPY8bYGaoOqXR4-JPZVXS29xEesxDXftqsRM,https://docs.google.com/spreadsheets/d/1rjiTffNOPY8bYGaoOqXR4-JPZVXS29xEesxDXftqsRM/edit,Dzongsar/01_རྡོ་རྗེ་གཅོད་པ།/A_Metadata/R96396549金剛般若波羅蜜經註解.xlsx,downloaded
21,H,H_Root_text,རྡོ་རྗེ་གཅོད་པ།,R96396549金剛般若波羅蜜經- Root text Tsadrel,document,1CiQzKiZHtc7l50ByeqxVJH9gO8sOqcUnmvNiBDggBNM,https://docs.google.com/document/d/1CiQzKiZHtc7l50ByeqxVJH9gO8sOqcUnmvNiBDggBNM/edit,Dzongsar/01_རྡོ་རྗེ་གཅོད་པ།/H_Root_text/R96396549金剛般若波羅蜜經- Root text Tsadrel.docx,downloaded
21,I,I_Commentary_OtherLang,རྡོ་རྗེ་གཅོད་པ།,R96396549金剛般若波羅蜜經註解 - Commentary Tsadrel Alignment,document,1rccJBTno35GN9Cftyb34AbWY5oir4yurtUm9vOaOPII,https://docs.google.com/document/d/1rccJBTno35GN9Cftyb34AbWY5oir4yurtUm9vOaOPII/edit,Dzongsar/01_རྡོ་རྗེ་གཅོད་པ།/I_Commentary_OtherLang/R96396549金剛般若波羅蜜經註解 - Commentary Tsadrel Alignment.docx,downloaded
22,L,L_Author,རྡོ་རྗེ་གཅོད་པ།,太虛大師,external,,https://cbetaonline.dila.edu.tw/mulu/TX,,external-link
28,A,A_Metadata,ཤེས་རབ་སྙིང་པོ།,M29C34F4A ཤེས་རབ་སྙིང་པོ། Metadata,spreadsheets,1IIGgU5UUxEHZq9-f_4WuBYLmf1Ga693xnVm9C81Kr1o,https://docs.google.com/spreadsheets/d/1IIGgU5UUxEHZq9-f_4WuBYLmf1Ga693xnVm9C81Kr1o/edit,Dzongsar/02_ཤེས་རབ་སྙིང་པོ།/A_Metadata/M29C34F4A ཤེས་རབ་སྙིང་པོ། Metadata.xlsx,downloaded
28,B,B_Clean_Text,ཤེས་རབ་སྙིང་པོ།,M29C34F4A ཤེས་རབ་སྙིང་པོ། - Clean text Tsawa,document,17aOakpvLXP09jtUx4yGBWzuZgU7LSmbtIfhKGW_l3Ws,https://docs.google.com/document/d/17aOakpvLXP09jtUx4yGBWzuZgU7LSmbtIfhKGW_l3Ws/edit,Dzongsar/02_ཤེས་རབ་སྙིང་པོ།/B_Clean_Text/M29C34F4A ཤེས་རབ་སྙིང་པོ། - Clean text Tsawa.docx,downloaded
28,H,H_Root_text,ཤེས་རབ་སྙིང་པོ།,M29C34F4A ཤེས་རབ་སྙིང་པོ།  Tibetan- Sanskrit,document,1lE4YXF3XyR_6pZoTuQ-pxS5Qa9F2jckANqm6GIUvHY8,https://docs.google.com/document/d/1lE4YXF3XyR_6pZoTuQ-pxS5Qa9F2jckANqm6GIUvHY8/edit,Dzongsar/02_ཤེས་རབ་སྙིང་པོ།/H_Root_text/M29C34F4A ཤེས་རབ་སྙིང་པོ། Tibetan- Sanskrit.docx,downloaded
28,I,I_Commentary_OtherLang,ཤེས་རབ་སྙིང་པོ།,M29C34F4A ཤེས་རབ་སྙིང་པོ། Sanskrit-Tsawa Align,document,1PDtR6wX987NkpHL86t3onLwokdqcJnHCaDjiX2hIWZo,https://docs.google.com/document/d/1PDtR6wX987NkpHL86t3onLwokdqcJnHCaDjiX2hIWZo/edit,Dzongsar/02_ཤེས་རབ་སྙིང་པོ།/I_Commentary_OtherLang/M29C34F4A ཤེས་རབ་སྙིང་པོ། Sanskrit-Tsawa Align.docx,downloaded
28,N,Col_N,ཤེས་རབ་སྙིང་པོ།,https://www.dsbcproject.org/canon-text/content/401/1829,external,,https://www.dsbcproject.org/canon-text/content/401/1829,,external-link
28,O,Col_O,ཤེས་རབ་སྙིང་པོ།,https://www.dsbcproject.org/canon-text/content/400/1828,external,,https://www.dsbcproject.org/canon-text/content/400/1828,,external-link
29,H,H_Root_text,ཤེས་རབ་སྙིང་པོ།,M29C34F4A ཤེས་རབ་སྙིང་པོ། Tibetan-Chinese,document,185uNHJspiqphel_9y79zd2u7wVX4KTOeOKnnB-SNmts,https://docs.google.com/document/d/185uNHJspiqphel_9y79zd2u7wVX4KTOeOKnnB-SNmts/edit,Dzongsar/02_ཤེས་རབ་སྙིང་པོ།/H_Root_text/M29C34F4A ཤེས་རབ་སྙིང་པོ། Tibetan-Chinese.docx,downloaded
29,I,I_Commentary_OtherLang,ཤེས་རབ་སྙིང་པོ།,M29C34F4A ཤེས་རབ་སྙིང་པོ། 心經 Chinese -Tibetan,document,1U1FAXWHGWtqTdTClz25n_vSvV_KHNSYiQzQKC_fEp7I,https://docs.google.com/document/d/1U1FAXWHGWtqTdTClz25n_vSvV_KHNSYiQzQKC_fEp7I/edit,Dzongsar/02_ཤེས་རབ་སྙིང་པོ།/I_Commentary_OtherLang/M29C34F4A ཤེས་རབ་སྙིང་པོ། 心經 Chinese -Tibetan.docx,downloaded
30,A,A_Metadata,ཤེས་རབ་སྙིང་པོ།,R64282E1A ཤེར་སྙིང་འགྲེལ་པ་སྔགས་སུ་བཀྲལ་པ། - Metadata,spreadsheets,1U6YQfCx4yy-_oZN7-urysF1uOxfHmXNfklFLJasVB78,https://docs.google.com/spreadsheets/d/1U6YQfCx4yy-_oZN7-urysF1uOxfHmXNfklFLJasVB78/edit,Dzongsar/02_ཤེས་རབ་སྙིང་པོ།/A_Metadata/R64282E1A ཤེར་སྙིང་འགྲེལ་པ་སྔགས་སུ་བཀྲལ་པ། - Metadata.xlsx,downloaded
30,B,B_Clean_Text,ཤེས་རབ་སྙིང་པོ།,R64282E1A ཤེར་སྙིང་འགྲེལ་པ་སྔགས་སུ་བཀྲལ་པ། - Clean text,document,1B5hb7_ZFJJZM6aHMmHo6d9uJYkXdR0mJc7Zp9NERqzc,https://docs.google.com/document/d/1B5hb7_ZFJJZM6aHMmHo6d9uJYkXdR0mJc7Zp9NERqzc/edit,Dzongsar/02_ཤེས་རབ་སྙིང་པོ།/B_Clean_Text/R64282E1A ཤེར་སྙིང་འགྲེལ་པ་སྔགས་སུ་བཀྲལ་པ། - Clean text.docx,downloaded
30,C,C_TOC,ཤེས་རབ་སྙིང་པོ།,R64282E1A ཤེར་སྙིང་འགྲེལ་པ་སྔགས་སུ་བཀྲལ་པ། - TOC,document,13A442uVFB-JbN12nMfn0oI4cftWuMG_JpH-exvFyBmU,https://docs.google.com/document/d/13A442uVFB-JbN12nMfn0oI4cftWuMG_JpH-exvFyBmU/edit,Dzongsar/02_ཤེས་རབ་སྙིང་པོ།/C_TOC/R64282E1A ཤེར་སྙིང་འགྲེལ་པ་སྔགས་སུ་བཀྲལ་པ། - TOC.docx,downloaded
30,H,H_Root_text,ཤེས་རབ་སྙིང་པོ།,R64282E1A ཤེས་རབ་སྙིང་པོ། - Root Text Tsadel,document,1YGO1mK1hZ6FPf5X6YAe6N57QtZKK6p0T9fuHzSg4sM4,https://docs.google.com/document/d/1YGO1mK1hZ6FPf5X6YAe6N57QtZKK6p0T9fuHzSg4sM4/edit,Dzongsar/02_ཤེས་རབ་སྙིང་པོ།/H_Root_text/R64282E1A ཤེས་རབ་སྙིང་པོ། - Root Text Tsadel.docx,downloaded
30,I,I_Commentary_OtherLang,ཤེས་རབ་སྙིང་པོ།,R64282E1A ཤེར་སྙིང་འགྲེལ་པ་སྔགས་སུ་བཀྲལ་པ། Tsadel,document,1QplVyfZEmTLIcahbKS1d43OOX2lHIVpR58F6uxjpR5w,https://docs.google.com/document/d/1QplVyfZEmTLIcahbKS1d43OOX2lHIVpR58F6uxjpR5w/edit,Dzongsar/02_ཤེས་རབ་སྙིང་པོ།/I_Commentary_OtherLang/R64282E1A ཤེར་སྙིང་འགྲེལ་པ་སྔགས་སུ་བཀྲལ་པ། Tsadel.docx,downloaded
31,A,A_Metadata,ཤེས་རབ་སྙིང་པོ།,RA88988D0 བཅོམ་ལྡན་འདས་མ་ཤེས་རབ་ཀྱི་ཕ་རོལ་ཏུ་ཕྱིན་པའི་སྙིང་པོའི་འགྲེལ་པ་དོན་གྱི་སྒྲོན་མ།- Metadata,spreadsheets,1vAp1obPCH9jMA4HVK72Cl3tG3xNYlZMry92oZATv0bQ,https://docs.google.com/spreadsheets/d/1vAp1obPCH9jMA4HVK72Cl3tG3xNYlZMry92oZATv0bQ/edit,Dzongsar/02_ཤེས་རབ་སྙིང་པོ།/A_Metadata/RA88988D0 བཅོམ་ལྡན་འདས་མ་ཤེས་རབ་ཀྱི་ཕ་རོལ་ཏུ་ཕྱིན་པའི་སྙིང་པོའི་འགྲེལ་.xlsx,downloaded
31,B,B_Clean_Text,ཤེས་རབ་སྙིང་པོ།,RA88988D0 བཅོམ་ལྡན་འདས་མ་ཤེས་རབ་ཀྱི་ཕ་རོལ་ཏུ་ཕྱིན་པའི་སྙིང་པོའི་འགྲེལ་པ་དོན་གྱི་སྒྲོན་མ། - Clean text delwa,document,1QjXaRUFuglRxKooRT3Jp43Z3IQtxtSDUKWZJogbrEj0,https://docs.google.com/document/d/1QjXaRUFuglRxKooRT3Jp43Z3IQtxtSDUKWZJogbrEj0/edit,Dzongsar/02_ཤེས་རབ་སྙིང་པོ།/B_Clean_Text/RA88988D0 བཅོམ་ལྡན་འདས་མ་ཤེས་རབ་ཀྱི་ཕ་རོལ་ཏུ་ཕྱིན་པའི་སྙིང་པོའི་འགྲེལ་.docx,downloaded
31,C,C_TOC,ཤེས་རབ་སྙིང་པོ།,RA88988D0 བཅོམ་ལྡན་འདས་མ་ཤེས་རབ་ཀྱི་ཕ་རོལ་ཏུ་ཕྱིན་པའི་སྙིང་པོའི་འགྲེལ་པ་དོན་གྱི་སྒྲོན་མ། - TOC,document,1Ks2Dc5GSLj03_gE3a7V4lXeATvTv1Q9zcEQ7JNJtOSU,https://docs.google.com/document/d/1Ks2Dc5GSLj03_gE3a7V4lXeATvTv1Q9zcEQ7JNJtOSU/edit,Dzongsar/02_ཤེས་རབ་སྙིང་པོ།/C_TOC/RA88988D0 བཅོམ་ལྡན་འདས་མ་ཤེས་རབ་ཀྱི་ཕ་རོལ་ཏུ་ཕྱིན་པའི་སྙིང་པོའི་འགྲེལ་.docx,downloaded
31,H,H_Root_text,ཤེས་རབ་སྙིང་པོ།,RA88988D0 ཤེས་རབ་སྙིང་པོ། -Root text Tsadel,document,1kv2fPUM3eOky9ixWU1Rlsp9RwixrsObtmy1PhHObopc,https://docs.google.com/document/d/1kv2fPUM3eOky9ixWU1Rlsp9RwixrsObtmy1PhHObopc/edit,Dzongsar/02_ཤེས་རབ་སྙིང་པོ།/H_Root_text/RA88988D0 ཤེས་རབ་སྙིང་པོ། -Root text Tsadel.docx,downloaded
31,I,I_Commentary_OtherLang,ཤེས་རབ་སྙིང་པོ།,RA88988D0 བཅོམ་ལྡན་འདས་མ་ཤེས་རབ་ཀྱི་ཕ་རོལ་ཏུ་ཕྱིན་པའི་སྙིང་པོའི་འགྲེལ་པ་དོན་གྱི་སྒྲོན་མ།- ཡིག་རྐྱང་རྩེ་ཕུད། - Tsadeel,document,1cU7N0SlB9RzhaCMG402ExqBCORMBwr1kEA3YOxgn7o0,https://docs.google.com/document/d/1cU7N0SlB9RzhaCMG402ExqBCORMBwr1kEA3YOxgn7o0/edit,Dzongsar/02_ཤེས་རབ་སྙིང་པོ།/I_Commentary_OtherLang/RA88988D0 བཅོམ་ལྡན་འདས་མ་ཤེས་རབ་ཀྱི་ཕ་རོལ་ཏུ་ཕྱིན་པའི་སྙིང་པོའི་འགྲེལ་.docx,downloaded
32,A,A_Metadata,ཤེས་རབ་སྙིང་པོ།,RB76B7B48 ཤེར་ཕྱིན་སྙིང་པོའི་མདོའི་ཚིག་འགྲེལ་རྨད་དུ་བྱུང་བ་བཞུགས། Metadata,spreadsheets,1opiZwcFD7nGnHBwouXTmAxXdU4ancXDO2wuccPNkok0,https://docs.google.com/spreadsheets/d/1opiZwcFD7nGnHBwouXTmAxXdU4ancXDO2wuccPNkok0/edit,Dzongsar/02_ཤེས་རབ་སྙིང་པོ།/A_Metadata/RB76B7B48 ཤེར་ཕྱིན་སྙིང་པོའི་མདོའི་ཚིག་འགྲེལ་རྨད་དུ་བྱུང་བ་བཞུགས། Meta.xlsx,downloaded
32,B,B_Clean_Text,ཤེས་རབ་སྙིང་པོ།,RB76B7B48 ཤེར་ཕྱིན་སྙིང་པོའི་མདོའི་ཚིག་འགྲེལ་རྨད་དུ་བྱུང་བ་བཞུགས། -Clean Texts,document,1IV83UlvBoIr1PwEwYLN7KaKoOFZBjr2f9WYjKaYf900,https://docs.google.com/document/d/1IV83UlvBoIr1PwEwYLN7KaKoOFZBjr2f9WYjKaYf900/edit,Dzongsar/02_ཤེས་རབ་སྙིང་པོ།/B_Clean_Text/RB76B7B48 ཤེར་ཕྱིན་སྙིང་པོའི་མདོའི་ཚིག་འགྲེལ་རྨད་དུ་བྱུང་བ་བཞུགས། -Cle.docx,downloaded
32,C,C_TOC,ཤེས་རབ་སྙིང་པོ།,RB76B7B48 ཤེར་ཕྱིན་སྙིང་པོའི་མདོའི་ཚིག་འགྲེལ་རྨད་དུ་བྱུང་བ་བཞུགས། -TOC,document,1BqtUpRkoXdsPEHvitlI42_mq6aPC_5c1lFw9xTyQjCs,https://docs.google.com/document/d/1BqtUpRkoXdsPEHvitlI42_mq6aPC_5c1lFw9xTyQjCs/edit,Dzongsar/02_ཤེས་རབ་སྙིང་པོ།/C_TOC/RB76B7B48 ཤེར་ཕྱིན་སྙིང་པོའི་མདོའི་ཚིག་འགྲེལ་རྨད་དུ་བྱུང་བ་བཞུགས། -TOC.docx,downloaded
32,H,H_Root_text,ཤེས་རབ་སྙིང་པོ།,RB76B7B48 ཤེས་རབ་སྙིང་པོ། -Root Text Tsadel,document,1Lnw7Pe_kQjRJD_6mmwUQHrNPC4iE7uf-ZnBw12fV-6A,https://docs.google.com/document/d/1Lnw7Pe_kQjRJD_6mmwUQHrNPC4iE7uf-ZnBw12fV-6A/edit,Dzongsar/02_ཤེས་རབ་སྙིང་པོ།/H_Root_text/RB76B7B48 ཤེས་རབ་སྙིང་པོ། -Root Text Tsadel.docx,downloaded
32,I,I_Commentary_OtherLang,ཤེས་རབ་སྙིང་པོ།,RB76B7B48 ཤེར་ཕྱིན་སྙིང་པོའི་མདོའི་ཚིག་འགྲེལ་རྨད་དུ་བྱུང་བ་བཞུགས། -Tsadel,document,1-2AEeB2aX9i3_FSN4GUEVxdxD_pA9AbWMD8qYQS3s9Y,https://docs.google.com/document/d/1-2AEeB2aX9i3_FSN4GUEVxdxD_pA9AbWMD8qYQS3s9Y/edit,Dzongsar/02_ཤེས་རབ་སྙིང་པོ།/I_Commentary_OtherLang/RB76B7B48 ཤེར་ཕྱིན་སྙིང་པོའི་མདོའི་ཚིག་འགྲེལ་རྨད་དུ་བྱུང་བ་བཞུགས། -Tsa.docx,downloaded
33,A,A_Metadata,ཤེས་རབ་སྙིང་པོ།,R429207AA འཕགས་པ་ཤེས་རབ་ཀྱི་ཕ་རོལ་ཏུ་ཕྱིན་པའི་སྙིང་པོའི་རྒྱ་ཆེར་བཤད་པ། Metadata,spreadsheets,1w0LHOsPSLAjEeLLzcYaW6qHn-w2PE-sXUN4EBri9uMw,https://docs.google.com/spreadsheets/d/1w0LHOsPSLAjEeLLzcYaW6qHn-w2PE-sXUN4EBri9uMw/edit,Dzongsar/02_ཤེས་རབ་སྙིང་པོ།/A_Metadata/R429207AA འཕགས་པ་ཤེས་རབ་ཀྱི་ཕ་རོལ་ཏུ་ཕྱིན་པའི་སྙིང་པོའི་རྒྱ་ཆེར་བཤད་པ།.xlsx,downloaded
33,B,B_Clean_Text,ཤེས་རབ་སྙིང་པོ།,R429207AA འཕགས་པ་ཤེས་རབ་ཀྱི་ཕ་རོལ་ཏུ་ཕྱིན་པའི་སྙིང་པོའི་རྒྱ་ཆེར་བཤད་པ།,drive,1WKsaXDbrFG4ITFBDh0ORLdfN47Hdcxkg,https://drive.google.com/open?id=1WKsaXDbrFG4ITFBDh0ORLdfN47Hdcxkg,,FAILED
33,H,H_Root_text,ཤེས་རབ་སྙིང་པོ།,R429207AA ཤེས་རབ་སྙིང་པོ། - Clean Root Tsadel,document,1bpyOnOtW5rldiifaAcCVzq0lxKnQhcjhwvIoX5f-R0A,https://docs.google.com/document/d/1bpyOnOtW5rldiifaAcCVzq0lxKnQhcjhwvIoX5f-R0A/edit,Dzongsar/02_ཤེས་རབ་སྙིང་པོ།/H_Root_text/R429207AA ཤེས་རབ་སྙིང་པོ། - Clean Root Tsadel.docx,downloaded
33,I,I_Commentary_OtherLang,ཤེས་རབ་སྙིང་པོ།,R429207AA འཕགས་པ་ཤེས་རབ་ཀྱི་ཕ་རོལ་ཏུ་ཕྱིན་པའི་སྙིང་པོའི་རྒྱ་ཆེར་བཤད་པ། - Tsadel,document,181yAycKuAxdxOdQFz5g2TyPt3pXvw97KtCpKXc5e2uE,https://docs.google.com/document/d/181yAycKuAxdxOdQFz5g2TyPt3pXvw97KtCpKXc5e2uE/edit,Dzongsar/02_ཤེས་རབ་སྙིང་པོ།/I_Commentary_OtherLang/R429207AA འཕགས་པ་ཤེས་རབ་ཀྱི་ཕ་རོལ་ཏུ་ཕྱིན་པའི་སྙིང་པོའི་རྒྱ་ཆེར་བཤད་པ།.docx,downloaded
34,A,A_Metadata,ཤེས་རབ་སྙིང་པོ།,RCDDEF0BE ཤེས་རབ་སྙིང་པོའི་འགྲེལ་བ། - Metadata,spreadsheets,1CDQ9A_5LerR43Oc2teaZh_QThJKGnrd8cyotnvL1nLw,https://docs.google.com/spreadsheets/d/1CDQ9A_5LerR43Oc2teaZh_QThJKGnrd8cyotnvL1nLw/edit,Dzongsar/02_ཤེས་རབ་སྙིང་པོ།/A_Metadata/RCDDEF0BE ཤེས་རབ་སྙིང་པོའི་འགྲེལ་བ། - Metadata.xlsx,downloaded
34,H,H_Root_text,ཤེས་རབ་སྙིང་པོ།,RCDDEF0BE ཤེས་རབ་སྙིང་པོའི་འགྲེལ་བ།-Tsawa,document,1lGTFdCuy3E1nF5ga-Dj6ZVvlTGNcYI_wYn5CG3uX4s0,https://docs.google.com/document/d/1lGTFdCuy3E1nF5ga-Dj6ZVvlTGNcYI_wYn5CG3uX4s0/edit,Dzongsar/02_ཤེས་རབ་སྙིང་པོ།/H_Root_text/RCDDEF0BE ཤེས་རབ་སྙིང་པོའི་འགྲེལ་བ།-Tsawa.docx,downloaded
34,I,I_Commentary_OtherLang,ཤེས་རབ་སྙིང་པོ།,RCDDEF0BE ཤེས་རབ་སྙིང་པོའི་འགྲེལ་བ།-Tsadel,document,1HNC9-TY-9OwxuTAUprbzKSbXBRr9RYwqbj1vl92xJV4,https://docs.google.com/document/d/1HNC9-TY-9OwxuTAUprbzKSbXBRr9RYwqbj1vl92xJV4/edit,Dzongsar/02_ཤེས་རབ་སྙིང་པོ།/I_Commentary_OtherLang/RCDDEF0BE ཤེས་རབ་སྙིང་པོའི་འགྲེལ་བ།-Tsadel.docx,downloaded
34,Q,Col_Q,ཤེས་རབ་སྙིང་པོ།,http://purl.bdrc.io/resource/WA0XLB18EA1811A74,external,,http://purl.bdrc.io/resource/WA0XLB18EA1811A74,,external-link
35,A,A_Metadata,ཤེས་རབ་སྙིང་པོ།,RCD3C8F1C འཕགས་པ་ཤེས་རབ་ཀྱི་ཕ་རོལ་ཏུ་ཕྱིན་པའི་སྙིང་པོ་རྒྱ་ཆེར་འགྲེལ་པ། Metadata,spreadsheets,10m81-6LlUEcfayIPFZ8M7lZSiXm4Um3g-spZplIyDGA,https://docs.google.com/spreadsheets/d/10m81-6LlUEcfayIPFZ8M7lZSiXm4Um3g-spZplIyDGA/edit,Dzongsar/02_ཤེས་རབ་སྙིང་པོ།/A_Metadata/RCD3C8F1C འཕགས་པ་ཤེས་རབ་ཀྱི་ཕ་རོལ་ཏུ་ཕྱིན་པའི་སྙིང་པོ་རྒྱ་ཆེར་འགྲེལ་པ།.xlsx,downloaded
35,H,H_Root_text,ཤེས་རབ་སྙིང་པོ།,RCD3C8F1C ཤེས་རབ་སྙིང་པོ། - Tsawa,document,11AKdyGvf9cPGRyPhQKMOhL9Mbx1zFsFkDk5okWFF6Xs,https://docs.google.com/document/d/11AKdyGvf9cPGRyPhQKMOhL9Mbx1zFsFkDk5okWFF6Xs/edit,Dzongsar/02_ཤེས་རབ་སྙིང་པོ།/H_Root_text/RCD3C8F1C ཤེས་རབ་སྙིང་པོ། - Tsawa.docx,downloaded
35,I,I_Commentary_OtherLang,ཤེས་རབ་སྙིང་པོ།,RCD3C8F1C འཕགས་པ་ཤེས་རབ་ཀྱི་ཕ་རོལ་ཏུ་ཕྱིན་པའི་སྙིང་པོ་རྒྱ་ཆེར་འགྲེལ་པ།- Tsadel,document,1IuRUML9VxGzv3kGDh80VVpVtUIrnA4tBcF3cjlsr5lI,https://docs.google.com/document/d/1IuRUML9VxGzv3kGDh80VVpVtUIrnA4tBcF3cjlsr5lI/edit,Dzongsar/02_ཤེས་རབ་སྙིང་པོ།/I_Commentary_OtherLang/RCD3C8F1C འཕགས་པ་ཤེས་རབ་ཀྱི་ཕ་རོལ་ཏུ་ཕྱིན་པའི་སྙིང་པོ་རྒྱ་ཆེར་འགྲེལ་པ།.docx,downloaded
35,Q,Col_Q,ཤེས་རབ་སྙིང་པོ།,http://purl.bdrc.io/resource/WA0RT3166,external,,http://purl.bdrc.io/resource/WA0RT3166,,external-link
36,A,A_Metadata,ཤེས་རབ་སྙིང་པོ།,R42066499ཤེས་རབ་སྙིང་པོའི་རྣམ་བཤད།,spreadsheets,133Od0pYPxIJRGlXECFcT9xxP4YpzZxTl7I7W2rIRAmc,https://docs.google.com/spreadsheets/d/133Od0pYPxIJRGlXECFcT9xxP4YpzZxTl7I7W2rIRAmc/edit,Dzongsar/02_ཤེས་རབ་སྙིང་པོ།/A_Metadata/R42066499ཤེས་རབ་སྙིང་པོའི་རྣམ་བཤད།.xlsx,downloaded
36,H,H_Root_text,ཤེས་རབ་སྙིང་པོ།,R42066499 ཤེས་རབ་སྙིང་པོའི་རྣམ་བཤད། -Tsawa,document,1zMXikGSW3r89do0haAHLJ8WCkjN1H0VxrGBxoP6xrjA,https://docs.google.com/document/d/1zMXikGSW3r89do0haAHLJ8WCkjN1H0VxrGBxoP6xrjA/edit,Dzongsar/02_ཤེས་རབ་སྙིང་པོ།/H_Root_text/R42066499 ཤེས་རབ་སྙིང་པོའི་རྣམ་བཤད། -Tsawa.docx,downloaded
36,I,I_Commentary_OtherLang,ཤེས་རབ་སྙིང་པོ།,R42066499 ཤེས་རབ་སྙིང་པོའི་རྣམ་བཤད། -Tsadel,document,1OtPtIXR9uVqpe9lLbyUSvTZiIzajefLT1t89fXAccXI,https://docs.google.com/document/d/1OtPtIXR9uVqpe9lLbyUSvTZiIzajefLT1t89fXAccXI/edit,Dzongsar/02_ཤེས་རབ་སྙིང་པོ།/I_Commentary_OtherLang/R42066499 ཤེས་རབ་སྙིང་པོའི་རྣམ་བཤད། -Tsadel.docx,downloaded
36,Q,Col_Q,ཤེས་རབ་སྙིང་པོ།,https://library.bdrc.io/show/bdr:WA0RK0529?s=q%3D%2522%25E0%25BD%25A4%25E0%25BD%25BA%25E0%25BD%25A6%25E0%25BC%258B%25E0%25BD%25A2%25E0%25BD%2596%25E0%25BC%258B%25E0%25BD%25A6%25E0%25BE%2599%25E0%25BD%25B2%25E0%25BD%2584%25E0%25BC%258B%25E0%25BD%2594%25E0%25BD%25BC%25E0%25BC%258D%2522~1%26lg%3Dbo%26t%3DWork%26n%3D1,external,,https://library.bdrc.io/show/bdr:WA0RK0529?s=q%3D%2522%25E0%25BD%25A4%25E0%25BD%25BA%25E0%25BD%25A6%25E0%25BC%258B%25E0%25BD%25A2%25E0%25BD%2596%25E0%25BC%258B%25E0%25BD%25A6%25E0%25BE%2599%25E0%25BD%25B2%25E0%25BD%2584%25E0%25BC%258B%25E0%25BD%2594%25E0%25BD%25BC%25E0%25BC%258D%2522~1%26lg%3Dbo%26t%3DWork%26n%3D1,,external-link
37,A,A_Metadata,ཤེས་རབ་སྙིང་པོ།,RA7B8FF79 ཤེས་རབ་སྙིང་པོའི་རྣམ་བཤད་ཡང་དག་ལྟ་བའི་མིག Metadata,spreadsheets,1L3_mYLbh3YTp26N1Fq2cwklLicGyMcJRgwyGhEuugbI,https://docs.google.com/spreadsheets/d/1L3_mYLbh3YTp26N1Fq2cwklLicGyMcJRgwyGhEuugbI/edit,Dzongsar/02_ཤེས་རབ་སྙིང་པོ།/A_Metadata/RA7B8FF79 ཤེས་རབ་སྙིང་པོའི་རྣམ་བཤད་ཡང་དག་ལྟ་བའི་མིག Metadata.xlsx,downloaded
37,H,H_Root_text,ཤེས་རབ་སྙིང་པོ།,RA7B8FF79 ཤེས་རབ་སྙིང་པོའི་རྣམ་བཤད་ཡང་དག་ལྟ་བའི་མིག -Tsawa,document,1Xaiy49DoDpzlkMNukeIvs1H07sVKY-ebzsth40QKtn4,https://docs.google.com/document/d/1Xaiy49DoDpzlkMNukeIvs1H07sVKY-ebzsth40QKtn4/edit,Dzongsar/02_ཤེས་རབ་སྙིང་པོ།/H_Root_text/RA7B8FF79 ཤེས་རབ་སྙིང་པོའི་རྣམ་བཤད་ཡང་དག་ལྟ་བའི་མིག -Tsawa.docx,downloaded
37,I,I_Commentary_OtherLang,ཤེས་རབ་སྙིང་པོ།,RA7B8FF79 ཤེས་རབ་སྙིང་པོའི་རྣམ་བཤད་ཡང་དག་ལྟ་བའི་མིག -Tsadel,document,1HgLmQcrvneYY7w5N0V4qpZMNAzPSCFse3uT3SRB9yqE,https://docs.google.com/document/d/1HgLmQcrvneYY7w5N0V4qpZMNAzPSCFse3uT3SRB9yqE/edit,Dzongsar/02_ཤེས་རབ་སྙིང་པོ།/I_Commentary_OtherLang/RA7B8FF79 ཤེས་རབ་སྙིང་པོའི་རྣམ་བཤད་ཡང་དག་ལྟ་བའི་མིག -Tsadel.docx,downloaded
37,Q,Col_Q,ཤེས་རབ་སྙིང་པོ།,http://purl.bdrc.io/resource/WA0XL29B7CCC47F6B,external,,http://purl.bdrc.io/resource/WA0XL29B7CCC47F6B,,external-link
38,A,A_Metadata,ཤེས་རབ་སྙིང་པོ།,RA25D53E9 འཕྲ་ཏིག་དང་པོ། ཤེས་རབ་སྙིང་པོའི་བཤད་འབུམ། Metadata,spreadsheets,1tZKSyBfPG7CqnRhjDHidv5ArSbPAYA_BHUi8o0vgnVs,https://docs.google.com/spreadsheets/d/1tZKSyBfPG7CqnRhjDHidv5ArSbPAYA_BHUi8o0vgnVs/edit,Dzongsar/02_ཤེས་རབ་སྙིང་པོ།/A_Metadata/RA25D53E9 འཕྲ་ཏིག་དང་པོ། ཤེས་རབ་སྙིང་པོའི་བཤད་འབུམ། Metadata.xlsx,downloaded
38,H,H_Root_text,ཤེས་རབ་སྙིང་པོ།,RA25D53E9 འཕྲ་ཏིག་དང་པོ། ཤེས་རབ་སྙིང་པོའི་བཤད་འབུམ།-Tsawa,document,1dJh7OFSwz-2cHgAuQ5x_Xh5xDYXvQJhcrNwf6qFPb7s,https://docs.google.com/document/d/1dJh7OFSwz-2cHgAuQ5x_Xh5xDYXvQJhcrNwf6qFPb7s/edit,Dzongsar/02_ཤེས་རབ་སྙིང་པོ།/H_Root_text/RA25D53E9 འཕྲ་ཏིག་དང་པོ། ཤེས་རབ་སྙིང་པོའི་བཤད་འབུམ།-Tsawa.docx,downloaded
38,I,I_Commentary_OtherLang,ཤེས་རབ་སྙིང་པོ།,RA25D53E9 འཕྲ་ཏིག་དང་པོ། ཤེས་རབ་སྙིང་པོའི་བཤད་འབུམ།-Tsadel,document,1XNhWQEOl3b_puwvEjXwIhmpIka5gE0CZndcMVme4V7k,https://docs.google.com/document/d/1XNhWQEOl3b_puwvEjXwIhmpIka5gE0CZndcMVme4V7k/edit,Dzongsar/02_ཤེས་རབ་སྙིང་པོ།/I_Commentary_OtherLang/RA25D53E9 འཕྲ་ཏིག་དང་པོ། ཤེས་རབ་སྙིང་པོའི་བཤད་འབུམ།-Tsadel.docx,downloaded
38,Q,Col_Q,ཤེས་རབ་སྙིང་པོ།,http://purl.bdrc.io/resource/WA0XLBA22F3396909,external,,http://purl.bdrc.io/resource/WA0XLBA22F3396909,,external-link
42,A,A_Metadata,འཕགས་སྡུད།,འཕགས་པ་སྡུད་པ། - Metadata,spreadsheets,1cn7KKStWixPzVkheDrKyp4jedxWddw_sl4QUKunZCcI,https://docs.google.com/spreadsheets/d/1cn7KKStWixPzVkheDrKyp4jedxWddw_sl4QUKunZCcI/edit,Dzongsar/03_འཕགས་སྡུད།/A_Metadata/འཕགས་པ་སྡུད་པ། - Metadata.xlsx,downloaded
42,B,B_Clean_Text,འཕགས་སྡུད།,འཕགས་པ་སྡུད་པ། - Clean root Text,document,1YgJa8bxW6BH1vxTmf9D_vEgj_djsl3h82NL5i_Kmwnc,https://docs.google.com/document/d/1YgJa8bxW6BH1vxTmf9D_vEgj_djsl3h82NL5i_Kmwnc/edit,Dzongsar/03_འཕགས་སྡུད།/B_Clean_Text/འཕགས་པ་སྡུད་པ། - Clean root Text.docx,downloaded
42,H,H_Root_text,འཕགས་སྡུད།,M6BD866B7 འཕགས་པ་སྡུད་པ། - Clean Tsawa,document,1YgJa8bxW6BH1vxTmf9D_vEgj_djsl3h82NL5i_Kmwnc,https://docs.google.com/document/d/1YgJa8bxW6BH1vxTmf9D_vEgj_djsl3h82NL5i_Kmwnc/edit,Dzongsar/03_འཕགས་སྡུད།/B_Clean_Text/འཕགས་པ་སྡུད་པ། - Clean root Text.docx,downloaded
43,H,H_Root_text,འཕགས་སྡུད།,M6BD866B7 འཕགས་སྡུད།Tibetan-Chinese Tsawa,document,1tf4CaKuyZLzwga9QVHQwAL3qosBs0smYfOxQ-GshpiI,https://docs.google.com/document/d/1tf4CaKuyZLzwga9QVHQwAL3qosBs0smYfOxQ-GshpiI/edit,Dzongsar/03_འཕགས་སྡུད།/H_Root_text/M6BD866B7 འཕགས་སྡུད།Tibetan-Chinese Tsawa.docx,downloaded
43,I,I_Commentary_OtherLang,འཕགས་སྡུད།,M6BD866B7 འཕགས་པ་སྡུད་པ། Chinese-Tibetan Tsawa,document,1QtcN-gxbiVXGFBCqVHMrDp29aOU_Gi68Bbm94d4rOGw,https://docs.google.com/document/d/1QtcN-gxbiVXGFBCqVHMrDp29aOU_Gi68Bbm94d4rOGw/edit,Dzongsar/03_འཕགས་སྡུད།/I_Commentary_OtherLang/M6BD866B7 འཕགས་པ་སྡུད་པ། Chinese-Tibetan Tsawa.docx,downloaded
44,H,H_Root_text,འཕགས་སྡུད།,M6BD866B7 འཕགས་པ་སྡུད་པ། Tibetan - Sanskrit Tsawa,document,11QfWuPRBISbfC70NUiq19YV1cHyGPywhcuc5Ua9_qOI,https://docs.google.com/document/d/11QfWuPRBISbfC70NUiq19YV1cHyGPywhcuc5Ua9_qOI/edit,Dzongsar/03_འཕགས་སྡུད།/H_Root_text/M6BD866B7 འཕགས་པ་སྡུད་པ། Tibetan - Sanskrit Tsawa.docx,downloaded
44,I,I_Commentary_OtherLang,འཕགས་སྡུད།,M6BD866B7འཕགས་སྡུད། Sanskrit-Tibetan Tsawa,document,1Y32hHGG_q0WTHKNinhDCMwCWUARfXlW7ePYiuGTFMdM,https://docs.google.com/document/d/1Y32hHGG_q0WTHKNinhDCMwCWUARfXlW7ePYiuGTFMdM/edit,Dzongsar/03_འཕགས་སྡུད།/I_Commentary_OtherLang/M6BD866B7འཕགས་སྡུད། Sanskrit-Tibetan Tsawa.docx,downloaded
45,A,A_Metadata,འཕགས་སྡུད།,R79FDDBD3 སྡུད་པ་ཚིགས་སུ་བཅད་པའི་འགྲེལ་པ། - Metadata,spreadsheets,1PXYvCJeWjvfE6v1Mj82-aU7f9hEuudIFsfkUX9BiQGo,https://docs.google.com/spreadsheets/d/1PXYvCJeWjvfE6v1Mj82-aU7f9hEuudIFsfkUX9BiQGo/edit,Dzongsar/03_འཕགས་སྡུད།/A_Metadata/R79FDDBD3 སྡུད་པ་ཚིགས་སུ་བཅད་པའི་འགྲེལ་པ། - Metadata.xlsx,downloaded
45,B,B_Clean_Text,འཕགས་སྡུད།,R825B644F མདོ་སྡུད་པ་ཚིགས་སུ་བཅད་པའི་འགྲེལ་པ་ཕ་རོལ་ཏུ་ཕྱིན་པའི་རྒྱ་མཚོའི་སྡེ་དང་། མདོ་དང་བསྟན་བཅོས་སྦྱར་ཚུལ་མ་ཕམ་ཞལ་ལུང་། །Clean Text,document,1LtCImJB1m6SqiP1gbrxoIJM8-cg0EXEhe6iWWN6N5QE,https://docs.google.com/document/d/1LtCImJB1m6SqiP1gbrxoIJM8-cg0EXEhe6iWWN6N5QE/edit,Dzongsar/03_འཕགས་སྡུད།/B_Clean_Text/R825B644F མདོ་སྡུད་པ་ཚིགས་སུ་བཅད་པའི་འགྲེལ་པ་ཕ་རོལ་ཏུ་ཕྱིན་པའི་རྒྱ་མཚོ.docx,downloaded
45,C,C_TOC,འཕགས་སྡུད།,R79FDDBD3 སྡུད་པ་ཚིགས་སུ་བཅད་པའི་འགྲེལ་པ། - TOC,document,1f4J8g5K1BwvlAKgPfDpwowwqvlvM71KrC9ZIB1kIqO0,https://docs.google.com/document/d/1f4J8g5K1BwvlAKgPfDpwowwqvlvM71KrC9ZIB1kIqO0/edit,Dzongsar/03_འཕགས་སྡུད།/C_TOC/R79FDDBD3 སྡུད་པ་ཚིགས་སུ་བཅད་པའི་འགྲེལ་པ། - TOC.docx,downloaded
45,H,H_Root_text,འཕགས་སྡུད།,འཕགས་པ་སྡུད་པ། - Clean root Text,document,1mOzU8lm_k9pDJFf_ohnfvd7HYUftUUf6ZQJ4YIjlUXs,https://docs.google.com/document/d/1mOzU8lm_k9pDJFf_ohnfvd7HYUftUUf6ZQJ4YIjlUXs/edit,Dzongsar/03_འཕགས་སྡུད།/H_Root_text/འཕགས་པ་སྡུད་པ། - Clean root Text.docx,downloaded
45,I,I_Commentary_OtherLang,འཕགས་སྡུད།,R79FDDBD3 སྡུད་པ་ཚིགས་སུ་བཅད་པའི་འགྲེལ་པ། - Tsadel,document,1YfEy5HeOPS_hJWem8Jlvqb9MSYzw0b0JuZgT4-AjOIU,https://docs.google.com/document/d/1YfEy5HeOPS_hJWem8Jlvqb9MSYzw0b0JuZgT4-AjOIU/edit,Dzongsar/03_འཕགས་སྡུད།/I_Commentary_OtherLang/R79FDDBD3 སྡུད་པ་ཚིགས་སུ་བཅད་པའི་འགྲེལ་པ། - Tsadel.docx,downloaded
46,A,A_Metadata,འཕགས་སྡུད།,R09FD3ABF ཡོན་ཏན་རིན་ཆེན་སྡུད་པའི་འགྲེལ་པ་རྒྱལ་བའི་ཡུམ་གྱི་དགོངས་དོན་ལ་ཕྱིན་ཅི་མ་ལོག་པར་འཇུག་པའི་ལེགས་བཤད་ཅེས་བྱ་བ་བཞུགས།-Metadata,spreadsheets,1o-AvaqVOgC1hzteAJTvYUYOUClRAQwSnectqsCWZX5c,https://docs.google.com/spreadsheets/d/1o-AvaqVOgC1hzteAJTvYUYOUClRAQwSnectqsCWZX5c/edit,Dzongsar/03_འཕགས་སྡུད།/A_Metadata/R09FD3ABF ཡོན་ཏན་རིན་ཆེན་སྡུད་པའི་འགྲེལ་པ་རྒྱལ་བའི་ཡུམ་གྱི་དགོངས་དོན་ལ.xlsx,downloaded
46,B,B_Clean_Text,འཕགས་སྡུད།,R09FD3ABF ཡོན་ཏན་རིན་ཆེན་སྡུད་པའི་འགྲེལ་པ་རྒྱལ་བའི་ཡུམ་གྱི་དགོངས་དོན་ལ་ཕྱིན་ཅི་མ་ལོག་པར་འཇུག་པའི་ལེགས་བཤད་ཅེས་བྱ་བ་བཞུགས།-Clean text,document,1iik60pwblfrFHpFdUqhEwQXxEBZSHTss-F10gI-iv_M,https://docs.google.com/document/d/1iik60pwblfrFHpFdUqhEwQXxEBZSHTss-F10gI-iv_M/edit,Dzongsar/03_འཕགས་སྡུད།/B_Clean_Text/R09FD3ABF ཡོན་ཏན་རིན་ཆེན་སྡུད་པའི་འགྲེལ་པ་རྒྱལ་བའི་ཡུམ་གྱི་དགོངས་དོན་ལ.docx,downloaded
46,C,C_TOC,འཕགས་སྡུད།,R09FD3ABF ཡོན་ཏན་རིན་ཆེན་སྡུད་པའི་འགྲེལ་པ་རྒྱལ་བའི་ཡུམ་གྱི་དགོངས་དོན་ལ་ཕྱིན་ཅི་མ་ལོག་པར་འཇུག་པའི་ལེགས་བཤད་ཅེས་བྱ་བ་བཞུགས། TOC,document,1oBMEGV_fJrQi1HAmwFKGD1PYpTZrHgTzoT4qb5mgqGo,https://docs.google.com/document/d/1oBMEGV_fJrQi1HAmwFKGD1PYpTZrHgTzoT4qb5mgqGo/edit,Dzongsar/03_འཕགས་སྡུད།/C_TOC/R09FD3ABF ཡོན་ཏན་རིན་ཆེན་སྡུད་པའི་འགྲེལ་པ་རྒྱལ་བའི་ཡུམ་གྱི་དགོངས་དོན་ལ.docx,downloaded
46,H,H_Root_text,འཕགས་སྡུད།,འཕགས་པ་སྡུད་པ། - Clean root Text,document,18ZCBNW2mB0T39RCctFrosYZ_381gs3IeWzQjvTwJgVU,https://docs.google.com/document/d/18ZCBNW2mB0T39RCctFrosYZ_381gs3IeWzQjvTwJgVU/edit,Dzongsar/03_འཕགས་སྡུད།/H_Root_text/འཕགས་པ་སྡུད་པ། - Clean root Text_2.docx,downloaded
46,D,D_Sentence_Seg,འཕགས་སྡུད།,R09FD3ABF ཡོན་ཏན་རིན་ཆེན་སྡུད་པའི་འགྲེལ་པ་རྒྱལ་བའི་ཡུམ་གྱི་དགོངས་དོན་ལ་ཕྱིན་ཅི་མ་ལོག་པར་འཇུག་པའི་ལེགས་བཤད་ཅེས་བྱ་བ་བཞུགས།,document,1H_uPmhQyXTzIu6oIhJY3_1RbdhFkHejbrQru9X8q4n8,https://docs.google.com/document/d/1H_uPmhQyXTzIu6oIhJY3_1RbdhFkHejbrQru9X8q4n8/edit,Dzongsar/03_འཕགས་སྡུད།/D_Sentence_Seg/R09FD3ABF ཡོན་ཏན་རིན་ཆེན་སྡུད་པའི་འགྲེལ་པ་རྒྱལ་བའི་ཡུམ་གྱི་དགོངས་དོན་ལ.docx,downloaded
47,A,A_Metadata,འཕགས་སྡུད།,R0804AAA2 ཕགས་པ་མདོ་སྡུད་པའི་འགྲེལ་པ་རྒྱས་པ་སྤས་དོན་གསལ་བའི་སྒྲོན་མེ། - Metadata,spreadsheets,1YbhzjO9JnhdN62eDxpBxAfWdUaAt_tZ7vHwEvLW-pgo,https://docs.google.com/spreadsheets/d/1YbhzjO9JnhdN62eDxpBxAfWdUaAt_tZ7vHwEvLW-pgo/edit,Dzongsar/03_འཕགས་སྡུད།/A_Metadata/R0804AAA2 ཕགས་པ་མདོ་སྡུད་པའི་འགྲེལ་པ་རྒྱས་པ་སྤས་དོན་གསལ་བའི་སྒྲོན་མེ།.xlsx,downloaded
47,B,B_Clean_Text,འཕགས་སྡུད།,R0804AAA2 ཕགས་པ་མདོ་སྡུད་པའི་འགྲེལ་པ་རྒྱས་པ་སྤས་དོན་གསལ་བའི་སྒྲོན་མེ།  - Clean Text,document,1k55P2KOGkaOT1bpkPvEUFzKcb2nzlWX2CdjxM7X2nJE,https://docs.google.com/document/d/1k55P2KOGkaOT1bpkPvEUFzKcb2nzlWX2CdjxM7X2nJE/edit,Dzongsar/03_འཕགས་སྡུད།/B_Clean_Text/R0804AAA2 ཕགས་པ་མདོ་སྡུད་པའི་འགྲེལ་པ་རྒྱས་པ་སྤས་དོན་གསལ་བའི་སྒྲོན་མེ།.docx,downloaded
47,C,C_TOC,འཕགས་སྡུད།,R0804AAA2 ཕགས་པ་མདོ་སྡུད་པའི་འགྲེལ་པ་རྒྱས་པ་སྤས་དོན་གསལ་བའི་སྒྲོན་མེ། ས་བཅད། - TOC.docx,document,1sfTBl3PMiBQz2aJWahIbi3BM-Sw2kzJlNcG2lVXd2W4,https://docs.google.com/document/d/1sfTBl3PMiBQz2aJWahIbi3BM-Sw2kzJlNcG2lVXd2W4/edit,Dzongsar/03_འཕགས་སྡུད།/C_TOC/R0804AAA2 ཕགས་པ་མདོ་སྡུད་པའི་འགྲེལ་པ་རྒྱས་པ་སྤས་དོན་གསལ་བའི་སྒྲོན་མེ།.docx,downloaded
47,H,H_Root_text,འཕགས་སྡུད།,R0804AAA2  འཕགས་པ་སྡུད་པ། - Root text Tsadrel,document,1vzZyk8pErc3gvSwVkUniXWdNDTHPR5Gbfo0wYKO70Dw,https://docs.google.com/document/d/1vzZyk8pErc3gvSwVkUniXWdNDTHPR5Gbfo0wYKO70Dw/edit,Dzongsar/03_འཕགས་སྡུད།/H_Root_text/R0804AAA2 འཕགས་པ་སྡུད་པ། - Root text Tsadrel.docx,downloaded
47,I,I_Commentary_OtherLang,འཕགས་སྡུད།,R0804AAA2 ཕགས་པ་མདོ་སྡུད་པའི་འགྲེལ་པ་རྒྱས་པ་སྤས་དོན་གསལ་བའི་སྒྲོན་མེ། -Tsadrel,document,1ozn2b7RORFfOyNMyhgpyvJuUW9yHKXNFc-WvL6UQtxc,https://docs.google.com/document/d/1ozn2b7RORFfOyNMyhgpyvJuUW9yHKXNFc-WvL6UQtxc/edit,Dzongsar/03_འཕགས་སྡུད།/I_Commentary_OtherLang/R0804AAA2 ཕགས་པ་མདོ་སྡུད་པའི་འགྲེལ་པ་རྒྱས་པ་སྤས་དོན་གསལ་བའི་སྒྲོན་མེ།.docx,downloaded
48,A,A_Metadata,འཕགས་སྡུད།,R7AABAABE ཡོན་ཏན་རིན་པོ་ཆེ་སྡུད་པ་ཚིགས་སུ་བཅད་པའི་འགྲེལ་པ། - Metadata,spreadsheets,1sxxR-dqsKTKv9G5_6FiN8nJSlyFzCnBvQyT7OQGn1b4,https://docs.google.com/spreadsheets/d/1sxxR-dqsKTKv9G5_6FiN8nJSlyFzCnBvQyT7OQGn1b4/edit,Dzongsar/03_འཕགས་སྡུད།/A_Metadata/R7AABAABE ཡོན་ཏན་རིན་པོ་ཆེ་སྡུད་པ་ཚིགས་སུ་བཅད་པའི་འགྲེལ་པ། - Metadata.xlsx,downloaded
48,C,C_TOC,འཕགས་སྡུད།,R7AABAABE ཡོན་ཏན་རིན་པོ་ཆེ་སྡུད་པ་ཚིགས་སུ་བཅད་པའི་འགྲེལ་པ། - Clean Formatted Text with TOC.docx,document,1I7wj0NiivYpqyd-GVU0rr2C_e6QV6pKLPpoxDpM5WN4,https://docs.google.com/document/d/1I7wj0NiivYpqyd-GVU0rr2C_e6QV6pKLPpoxDpM5WN4/edit,Dzongsar/03_འཕགས་སྡུད།/C_TOC/R7AABAABE ཡོན་ཏན་རིན་པོ་ཆེ་སྡུད་པ་ཚིགས་སུ་བཅད་པའི་འགྲེལ་པ། - Clean For.docx,downloaded
48,H,H_Root_text,འཕགས་སྡུད།,R7AABAABE འཕགས་པ་སྡུད་པ། - Root text Tsadrel,document,1ybRoEb3cmiOrd6FlE6ObcmR0DFlodEjaoxMshjWl03M,https://docs.google.com/document/d/1ybRoEb3cmiOrd6FlE6ObcmR0DFlodEjaoxMshjWl03M/edit,Dzongsar/03_འཕགས་སྡུད།/H_Root_text/R7AABAABE འཕགས་པ་སྡུད་པ། - Root text Tsadrel.docx,downloaded
48,I,I_Commentary_OtherLang,འཕགས་སྡུད།,R7AABAABE ཡོན་ཏན་རིན་པོ་ཆེ་སྡུད་པ་ཚིགས་སུ་བཅད་པའི་འགྲེལ་པ། - Commentary Tsadrel Alignment,document,1lnMx1gS87a7J-flJboS5-948wVXPqCL0VprCju-5EkQ,https://docs.google.com/document/d/1lnMx1gS87a7J-flJboS5-948wVXPqCL0VprCju-5EkQ/edit,Dzongsar/03_འཕགས་སྡུད།/I_Commentary_OtherLang/R7AABAABE ཡོན་ཏན་རིན་པོ་ཆེ་སྡུད་པ་ཚིགས་སུ་བཅད་པའི་འགྲེལ་པ། - Commentar.docx,downloaded
52,A,A_Metadata,སྤྱོད་འཇུག,F69B2A09 བྱང་ཆུབ་སེམས་དཔའི་སྤྱོད་པ་ལ་འཇུག་པ།  - Metadata,spreadsheets,1AT3sQT_Mb8B87kngSf8oZURD06VGJfNqJNtCUdZb4S4,https://docs.google.com/spreadsheets/d/1AT3sQT_Mb8B87kngSf8oZURD06VGJfNqJNtCUdZb4S4/edit,Dzongsar/04_སྤྱོད་འཇུག/A_Metadata/F69B2A09 བྱང་ཆུབ་སེམས་དཔའི་སྤྱོད་པ་ལ་འཇུག་པ། - Metadata.xlsx,downloaded
52,C,C_TOC,སྤྱོད་འཇུག,F69B2A09 སྤྱོད་འཇུག རྕ་བ་- Clean Formatted Text with TOC.docx,document,1x634fk8A4ljiGbAgIUHB6KVbZYPAxjbwyT4c6_FK1KQ,https://docs.google.com/document/d/1x634fk8A4ljiGbAgIUHB6KVbZYPAxjbwyT4c6_FK1KQ/edit,Dzongsar/04_སྤྱོད་འཇུག/C_TOC/F69B2A09 སྤྱོད་འཇུག རྕ་བ་- Clean Formatted Text with TOC.docx,downloaded
52,H,H_Root_text,སྤྱོད་འཇུག,F69B2A09 བྱང་ཆུབ་སེམས་དཔའི་སྤྱོད་པ་ལ་འཇུག་པ།  - Clean Tsawa,document,1XIpzdQPOhlY8jLo4BeI57H3oAJ7nMbDYO2xaOdQyqmA,https://docs.google.com/document/d/1XIpzdQPOhlY8jLo4BeI57H3oAJ7nMbDYO2xaOdQyqmA/edit,Dzongsar/04_སྤྱོད་འཇུག/H_Root_text/F69B2A09 བྱང་ཆུབ་སེམས་དཔའི་སྤྱོད་པ་ལ་འཇུག་པ། - Clean Tsawa.docx,downloaded
52,I,I_Commentary_OtherLang,སྤྱོད་འཇུག,སྤྱོད་འཇུག - बोधिचर्यावतारः Sanskrit Root Text Alignment,document,11FeDk269VCmPrJ2MzlQDfHxElEaD25gMRbiJEw-SwDA,https://docs.google.com/document/d/11FeDk269VCmPrJ2MzlQDfHxElEaD25gMRbiJEw-SwDA/edit,Dzongsar/04_སྤྱོད་འཇུག/I_Commentary_OtherLang/སྤྱོད་འཇུག - बोधिचर्यावतारः Sanskrit Root Text Alignment.docx,downloaded
53,A,A_Metadata,སྤྱོད་འཇུག,R46DA1A6D སྤྱོད་འཇུག་ཟིན་བྲིས་དང་ཚིག་འགྲེལ་འཇམ་དབྱངས་བླ་མའི་ཞལ་ལུང་བདུད་རྩིའི་ཐིག་པ། - Metadata,spreadsheets,15T_bHCLZCdRo7eywdVSLEKumzsxnZy97wgupJU8tGy4,https://docs.google.com/spreadsheets/d/15T_bHCLZCdRo7eywdVSLEKumzsxnZy97wgupJU8tGy4/edit,Dzongsar/04_སྤྱོད་འཇུག/A_Metadata/R46DA1A6D སྤྱོད་འཇུག་ཟིན་བྲིས་དང་ཚིག་འགྲེལ་འཇམ་དབྱངས་བླ་མའི་ཞལ་ལུང་བདུ.xlsx,downloaded
53,C,C_TOC,སྤྱོད་འཇུག,R46DA1A6D སྤྱོད་འཇུག་ཟིན་བྲིས་དང་ཚིག་འགྲེལ་འཇམ་དབྱངས་བླ་མའི་ཞལ་ལུང་བདུད་རྩིའི་ཐིག་པ། - Clean Formatted Text with TOC.docx,document,1cSXxEN8KNstPId_izM-pG-T_zsY8ENHSaD7YP00tTlI,https://docs.google.com/document/d/1cSXxEN8KNstPId_izM-pG-T_zsY8ENHSaD7YP00tTlI/edit,Dzongsar/04_སྤྱོད་འཇུག/C_TOC/R46DA1A6D སྤྱོད་འཇུག་ཟིན་བྲིས་དང་ཚིག་འགྲེལ་འཇམ་དབྱངས་བླ་མའི་ཞལ་ལུང་བདུ.docx,downloaded
53,H,H_Root_text,སྤྱོད་འཇུག,R46DA1A6D སྤྱོད་འཇུག རྕ་བ། - Root text Tsadrel,document,1tX6tCQHdBIQmyNv3CVu4jDdTjqPQfihYqr4L2Rh0Kzo,https://docs.google.com/document/d/1tX6tCQHdBIQmyNv3CVu4jDdTjqPQfihYqr4L2Rh0Kzo/edit,Dzongsar/04_སྤྱོད་འཇུག/H_Root_text/R46DA1A6D སྤྱོད་འཇུག རྕ་བ། - Root text Tsadrel.docx,downloaded
53,I,I_Commentary_OtherLang,སྤྱོད་འཇུག,R46DA1A6D སྤྱོད་འཇུག་ཟིན་བྲིས་དང་ཚིག་འགྲེལ་འཇམ་དབྱངས་བླ་མའི་ཞལ་ལུང་བདུད་རྩིའི་ཐིག་པ། - Commentary Tsadrel Alignment,document,1f97MdNkoWQDzCbP2Ml535Ckka7m1AIRto2hN5vNQPU8,https://docs.google.com/document/d/1f97MdNkoWQDzCbP2Ml535Ckka7m1AIRto2hN5vNQPU8/edit,Dzongsar/04_སྤྱོད་འཇུག/I_Commentary_OtherLang/R46DA1A6D སྤྱོད་འཇུག་ཟིན་བྲིས་དང་ཚིག་འགྲེལ་འཇམ་དབྱངས་བླ་མའི་ཞལ་ལུང་བདུ.docx,downloaded
54,A,A_Metadata,སྤྱོད་འཇུག,R8B4D6B85 སྤྱོད་འཇུག་རྣམ་བཤད་རྒྱལ་སྲས་འཇུག་ངོགས། - Metadata,spreadsheets,1ilNOGD8B7PttuYUGeLekVHCORDfV67WmiHAmrT8hfvg,https://docs.google.com/spreadsheets/d/1ilNOGD8B7PttuYUGeLekVHCORDfV67WmiHAmrT8hfvg/edit,Dzongsar/04_སྤྱོད་འཇུག/A_Metadata/R8B4D6B85 སྤྱོད་འཇུག་རྣམ་བཤད་རྒྱལ་སྲས་འཇུག་ངོགས། - Metadata.xlsx,downloaded
54,C,C_TOC,སྤྱོད་འཇུག,R8B4D6B85 སྤྱོད་འཇུག་རྣམ་བཤད་རྒྱལ་སྲས་འཇུག་ངོགས། - Clean Formatted Text with TOC.docx,document,19LWtqvWkB7cfSjnWDziEGomm7RFm5187giDpmeVTlfw,https://docs.google.com/document/d/19LWtqvWkB7cfSjnWDziEGomm7RFm5187giDpmeVTlfw/edit,Dzongsar/04_སྤྱོད་འཇུག/C_TOC/R8B4D6B85 སྤྱོད་འཇུག་རྣམ་བཤད་རྒྱལ་སྲས་འཇུག་ངོགས། - Clean Formatted Tex.docx,downloaded
54,H,H_Root_text,སྤྱོད་འཇུག,R8B4D6B85 སྤྱོད་འཇུག རྕ་བ། - Root text Tsadrel,document,1mRPLhyoXVkUepbxzt5AN3kbOmxhJP1gqSfVatH_LmHQ,https://docs.google.com/document/d/1mRPLhyoXVkUepbxzt5AN3kbOmxhJP1gqSfVatH_LmHQ/edit,Dzongsar/04_སྤྱོད་འཇུག/H_Root_text/R8B4D6B85 སྤྱོད་འཇུག རྕ་བ། - Root text Tsadrel.docx,downloaded
54,I,I_Commentary_OtherLang,སྤྱོད་འཇུག,R8B4D6B85 སྤྱོད་འཇུག་རྣམ་བཤད་རྒྱལ་སྲས་འཇུག་ངོགས། - Commentary Tsadrel Alignment,document,13M9gPFuvbWqPoFcpps4Tlwk9wjbcwAuemg_tew-u69A,https://docs.google.com/document/d/13M9gPFuvbWqPoFcpps4Tlwk9wjbcwAuemg_tew-u69A/edit,Dzongsar/04_སྤྱོད་འཇུག/I_Commentary_OtherLang/R8B4D6B85 སྤྱོད་འཇུག་རྣམ་བཤད་རྒྱལ་སྲས་འཇུག་ངོགས། - Commentary Tsadrel.docx,downloaded
55,A,A_Metadata,སྤྱོད་འཇུག,R4CE7F499 སྤྱོད་འཇུག་གི་འགྲེལ་པ་ལེགས་པར་བཤད་པའི་རྒྱ་མཚོ། - Metadata,spreadsheets,1Vh4Vv2gJ9MqRjZwXfRksHHY1O8YUbG3HUVXD3nRtOws,https://docs.google.com/spreadsheets/d/1Vh4Vv2gJ9MqRjZwXfRksHHY1O8YUbG3HUVXD3nRtOws/edit,Dzongsar/04_སྤྱོད་འཇུག/A_Metadata/R4CE7F499 སྤྱོད་འཇུག་གི་འགྲེལ་པ་ལེགས་པར་བཤད་པའི་རྒྱ་མཚོ། - Metadata.xlsx,downloaded
55,C,C_TOC,སྤྱོད་འཇུག,R4CE7F499 སྤྱོད་འཇུག་གི་འགྲེལ་པ་ལེགས་པར་བཤད་པའི་རྒྱ་མཚོ། - Clean Formatted Text with TOC.docx,document,1lO3VBsWthXLIg_ZKvq3mlljHGrXjz6-PjOLl35HJc18,https://docs.google.com/document/d/1lO3VBsWthXLIg_ZKvq3mlljHGrXjz6-PjOLl35HJc18/edit,Dzongsar/04_སྤྱོད་འཇུག/C_TOC/R4CE7F499 སྤྱོད་འཇུག་གི་འགྲེལ་པ་ལེགས་པར་བཤད་པའི་རྒྱ་མཚོ། - Clean Forma.docx,downloaded
55,H,H_Root_text,སྤྱོད་འཇུག,R4CE7F499  སྤྱོད་འཇུག རྕ་བ། - Root text Tsadrel,document,10vm3TlJKRQdywDfJt9B1Qe6vhbuGu340xdCjdJeBLOY,https://docs.google.com/document/d/10vm3TlJKRQdywDfJt9B1Qe6vhbuGu340xdCjdJeBLOY/edit,Dzongsar/04_སྤྱོད་འཇུག/H_Root_text/R4CE7F499 སྤྱོད་འཇུག རྕ་བ། - Root text Tsadrel.docx,downloaded
55,I,I_Commentary_OtherLang,སྤྱོད་འཇུག,R4CE7F499 སྤྱོད་འཇུག་གི་འགྲེལ་པ་ལེགས་པར་བཤད་པའི་རྒྱ་མཚོ། - Commentary Tsadrel Alignment,document,1Q2wAsUdNGWaF2RejnEVZrMTeHDe0dxr-NPjMUUY2qmM,https://docs.google.com/document/d/1Q2wAsUdNGWaF2RejnEVZrMTeHDe0dxr-NPjMUUY2qmM/edit,Dzongsar/04_སྤྱོད་འཇུག/I_Commentary_OtherLang/R4CE7F499 སྤྱོད་འཇུག་གི་འགྲེལ་པ་ལེགས་པར་བཤད་པའི་རྒྱ་མཚོ། - Commentary.docx,downloaded
56,A,A_Metadata,སྤྱོད་འཇུག,R8D5953D0 བྱང་ཆུབ་སེམས་དཔའི་སྤྱོད་པ་ལ་འཇུག་པ་ཞེས་བྱ་བའི་མཆན་འགྲེལ། - Metadata,spreadsheets,1b07UKV5HC1CE77-FBKYUocFA2hhfvMzfyt59h8tdUaw,https://docs.google.com/spreadsheets/d/1b07UKV5HC1CE77-FBKYUocFA2hhfvMzfyt59h8tdUaw/edit,Dzongsar/04_སྤྱོད་འཇུག/A_Metadata/R8D5953D0 བྱང་ཆུབ་སེམས་དཔའི་སྤྱོད་པ་ལ་འཇུག་པ་ཞེས་བྱ་བའི་མཆན་འགྲེལ། - M.xlsx,downloaded
56,C,C_TOC,སྤྱོད་འཇུག,R8D5953D0 བྱང་ཆུབ་སེམས་དཔའི་སྤྱོད་པ་ལ་འཇུག་པ་ཞེས་བྱ་བའི་མཆན་འགྲེལ། - Clean Formatted Text with TOC.docx,document,1nYUPwahNkz3ZLlUQEOYPmrlYRCCakrfkZjhkCZaWuNw,https://docs.google.com/document/d/1nYUPwahNkz3ZLlUQEOYPmrlYRCCakrfkZjhkCZaWuNw/edit,Dzongsar/04_སྤྱོད་འཇུག/C_TOC/R8D5953D0 བྱང་ཆུབ་སེམས་དཔའི་སྤྱོད་པ་ལ་འཇུག་པ་ཞེས་བྱ་བའི་མཆན་འགྲེལ། - C.docx,downloaded
56,H,H_Root_text,སྤྱོད་འཇུག,R8D5953D0 སྤྱོད་འཇུག རྕ་བ། - Root text Tsadrel,document,16nkRomhGXE3LjB9x4I686tV0G8x-4-Hc0WPI_hW-hho,https://docs.google.com/document/d/16nkRomhGXE3LjB9x4I686tV0G8x-4-Hc0WPI_hW-hho/edit,Dzongsar/04_སྤྱོད་འཇུག/H_Root_text/R8D5953D0 སྤྱོད་འཇུག རྕ་བ། - Root text Tsadrel.docx,downloaded
56,I,I_Commentary_OtherLang,སྤྱོད་འཇུག,R8D5953D0 བྱང་ཆུབ་སེམས་དཔའི་སྤྱོད་པ་ལ་འཇུག་པ་ཞེས་བྱ་བའི་མཆན་འགྲེལ། - Commentary Tsadrel Alignment,document,18glKKM2ZqI_1K-uLgREK_XtCyH9qk4gvF4zveFNJMUE,https://docs.google.com/document/d/18glKKM2ZqI_1K-uLgREK_XtCyH9qk4gvF4zveFNJMUE/edit,Dzongsar/04_སྤྱོད་འཇུག/I_Commentary_OtherLang/R8D5953D0 བྱང་ཆུབ་སེམས་དཔའི་སྤྱོད་པ་ལ་འཇུག་པ་ཞེས་བྱ་བའི་མཆན་འགྲེལ། - C.docx,downloaded
57,A,A_Metadata,སྤྱོད་འཇུག,R8D4B3A0C སྤྱོད་འཇུག་གི་འབྲུ་འགྲེལ་དབུ་མའི་ལམ་གྱི་སྒྲོན་མ། - Metadata,spreadsheets,1kSq-eeG9gWbXRegKJdDFR8YJoumt-su8o4BMpPPm_40,https://docs.google.com/spreadsheets/d/1kSq-eeG9gWbXRegKJdDFR8YJoumt-su8o4BMpPPm_40/edit,Dzongsar/04_སྤྱོད་འཇུག/A_Metadata/R8D4B3A0C སྤྱོད་འཇུག་གི་འབྲུ་འགྲེལ་དབུ་མའི་ལམ་གྱི་སྒྲོན་མ། - Metadata.xlsx,downloaded
57,C,C_TOC,སྤྱོད་འཇུག,R8D4B3A0C སྤྱོད་འཇུག་གི་འབྲུ་འགྲེལ་དབུ་མའི་ལམ་གྱི་སྒྲོན་མ། - Clean Formatted Text with TOC.docx,document,13-jrjhCWgaHKc_Ru1_5MWmLYSuDQDl1sl7AyRea-Bg8,https://docs.google.com/document/d/13-jrjhCWgaHKc_Ru1_5MWmLYSuDQDl1sl7AyRea-Bg8/edit,Dzongsar/04_སྤྱོད་འཇུག/C_TOC/R8D4B3A0C སྤྱོད་འཇུག་གི་འབྲུ་འགྲེལ་དབུ་མའི་ལམ་གྱི་སྒྲོན་མ། - Clean For.docx,downloaded
57,H,H_Root_text,སྤྱོད་འཇུག,R8D4B3A0C སྤྱོད་འཇུག རྕ་བ། - Root text Tsadrel,document,15faU6EeFKmsxuRwm0G1UwC-2z8jKR_x0hW_NaSpZIX0,https://docs.google.com/document/d/15faU6EeFKmsxuRwm0G1UwC-2z8jKR_x0hW_NaSpZIX0/edit,Dzongsar/04_སྤྱོད་འཇུག/H_Root_text/R8D4B3A0C སྤྱོད་འཇུག རྕ་བ། - Root text Tsadrel.docx,downloaded
57,I,I_Commentary_OtherLang,སྤྱོད་འཇུག,R8D4B3A0C སྤྱོད་འཇུག་གི་འབྲུ་འགྲེལ་དབུ་མའི་ལམ་གྱི་སྒྲོན་མ། - Commentary Tsadrel Alignment,document,1AbuVmQufMoZw67PjTy4UfM0HcFHm9gYItm8VjML4zw4,https://docs.google.com/document/d/1AbuVmQufMoZw67PjTy4UfM0HcFHm9gYItm8VjML4zw4/edit,Dzongsar/04_སྤྱོད་འཇུག/I_Commentary_OtherLang/R8D4B3A0C སྤྱོད་འཇུག་གི་འབྲུ་འགྲེལ་དབུ་མའི་ལམ་གྱི་སྒྲོན་མ། - Commentar.docx,downloaded
59,A,A_Metadata,སྤྱོད་འཇུག,R6F6BF20A བྱང་ཆུབ་སེམས་དཔའི་སྤྱོད་པ་ལ་འཇུག་པའི་རྣམ་པར་བཤད་པ་གཞུང་དོན་སྣང་བ། - Metadata,spreadsheets,1V57w2YZ8SfHvHDeJlrv8C1W9XUSuYzhs1OWI2be2oHA,https://docs.google.com/spreadsheets/d/1V57w2YZ8SfHvHDeJlrv8C1W9XUSuYzhs1OWI2be2oHA/edit,Dzongsar/04_སྤྱོད་འཇུག/A_Metadata/R6F6BF20A བྱང་ཆུབ་སེམས་དཔའི་སྤྱོད་པ་ལ་འཇུག་པའི་རྣམ་པར་བཤད་པ་གཞུང་དོན་ས.xlsx,downloaded
59,C,C_TOC,སྤྱོད་འཇུག,R6F6BF20A བྱང་ཆུབ་སེམས་དཔའི་སྤྱོད་པ་ལ་འཇུག་པའི་རྣམ་པར་བཤད་པ་གཞུང་དོན་སྣང་བ། - Clean Formatted Text with TOC.docx,document,1xrnAP8994sgFFZTOE3G-Arj-Hmefq9AnWUr5TpQ1aac,https://docs.google.com/document/d/1xrnAP8994sgFFZTOE3G-Arj-Hmefq9AnWUr5TpQ1aac/edit,Dzongsar/04_སྤྱོད་འཇུག/C_TOC/R6F6BF20A བྱང་ཆུབ་སེམས་དཔའི་སྤྱོད་པ་ལ་འཇུག་པའི་རྣམ་པར་བཤད་པ་གཞུང་དོན་ས.docx,downloaded
59,H,H_Root_text,སྤྱོད་འཇུག,R6F6BF20A  སྤྱོད་འཇུག རྩ་བ། - Root text Tsadrel,document,1_jMxkLOHkDwMdzQudTDKoZVHFMa5-3NPwmS-VnWTu5Q,https://docs.google.com/document/d/1_jMxkLOHkDwMdzQudTDKoZVHFMa5-3NPwmS-VnWTu5Q/edit,Dzongsar/04_སྤྱོད་འཇུག/H_Root_text/R6F6BF20A སྤྱོད་འཇུག རྩ་བ། - Root text Tsadrel.docx,downloaded
59,I,I_Commentary_OtherLang,སྤྱོད་འཇུག,R6F6BF20A བྱང་ཆུབ་སེམས་དཔའི་སྤྱོད་པ་ལ་འཇུག་པའི་རྣམ་པར་བཤད་པ་གཞུང་དོན་སྣང་བ། - Commentary Tsadrel Alignment,document,1f1y3cDGtwC-tJKSgV2NvRuxBiUxHcoVKSsfNSQdMr6k,https://docs.google.com/document/d/1f1y3cDGtwC-tJKSgV2NvRuxBiUxHcoVKSsfNSQdMr6k/edit,Dzongsar/04_སྤྱོད་འཇུག/I_Commentary_OtherLang/R6F6BF20A བྱང་ཆུབ་སེམས་དཔའི་སྤྱོད་པ་ལ་འཇུག་པའི་རྣམ་པར་བཤད་པ་གཞུང་དོན་ས.docx,downloaded
60,A,A_Metadata,སྤྱོད་འཇུག,R9A454784 བྱང་ཆུབ་སེམས་དཔའི་སྤྱོད་པ་ལ་འཇུག་པའི་ལེགས་པར་སྦྱར་བ། - Metadata,spreadsheets,1sHW85azZ-UlunBoAUDgSfbpFRCjSokmOG0SHgzLmlVg,https://docs.google.com/spreadsheets/d/1sHW85azZ-UlunBoAUDgSfbpFRCjSokmOG0SHgzLmlVg/edit,Dzongsar/04_སྤྱོད་འཇུག/A_Metadata/R9A454784 བྱང་ཆུབ་སེམས་དཔའི་སྤྱོད་པ་ལ་འཇུག་པའི་ལེགས་པར་སྦྱར་བ། - Metad.xlsx,downloaded
60,C,C_TOC,སྤྱོད་འཇུག,R9A454784 བྱང་ཆུབ་སེམས་དཔའི་སྤྱོད་པ་ལ་འཇུག་པའི་ལེགས་པར་སྦྱར་བ། - Clean Formatted Text with TOC.docx,document,1t_VX792gWyP9uhEnMrKTiGVcrszgvPZ1XF2q1qxN-kY,https://docs.google.com/document/d/1t_VX792gWyP9uhEnMrKTiGVcrszgvPZ1XF2q1qxN-kY/edit,Dzongsar/04_སྤྱོད་འཇུག/C_TOC/R9A454784 བྱང་ཆུབ་སེམས་དཔའི་སྤྱོད་པ་ལ་འཇུག་པའི་ལེགས་པར་སྦྱར་བ། - Clean.docx,downloaded
60,H,H_Root_text,སྤྱོད་འཇུག,R9A454784 སྤྱོད་འཇུག རྕ་བ། - Root text Tsadrel,document,1TI8HWsaQj9OPwIIPo_rK_nlpCzUbELsaHy6PTS_hN4s,https://docs.google.com/document/d/1TI8HWsaQj9OPwIIPo_rK_nlpCzUbELsaHy6PTS_hN4s/edit,Dzongsar/04_སྤྱོད་འཇུག/H_Root_text/R9A454784 སྤྱོད་འཇུག རྕ་བ། - Root text Tsadrel.docx,downloaded
60,I,I_Commentary_OtherLang,སྤྱོད་འཇུག,R9A454784 བྱང་ཆུབ་སེམས་དཔའི་སྤྱོད་པ་ལ་འཇུག་པའི་ལེགས་པར་སྦྱར་བ། - Commentary Tsadrel Alignment,document,1gNlEzsY9Mez22Q2tKev9gQ4HdqdAmOPwbfaM5DghjtY,https://docs.google.com/document/d/1gNlEzsY9Mez22Q2tKev9gQ4HdqdAmOPwbfaM5DghjtY/edit,Dzongsar/04_སྤྱོད་འཇུག/I_Commentary_OtherLang/R9A454784 བྱང་ཆུབ་སེམས་དཔའི་སྤྱོད་པ་ལ་འཇུག་པའི་ལེགས་པར་སྦྱར་བ། - Comme.docx,downloaded
61,A,A_Metadata,སྤྱོད་འཇུག,R7C4F81AA སྤྱོད་འཇུག་འགྲེལ་པ་མཚུངས་མེད་བླ་མའི་ཞལ་རྒྱུན། - Metadata,spreadsheets,1TN_mDiS_asV3upS-yvFgNkIGXyCETtnmgL_KyHuRy_Q,https://docs.google.com/spreadsheets/d/1TN_mDiS_asV3upS-yvFgNkIGXyCETtnmgL_KyHuRy_Q/edit,Dzongsar/04_སྤྱོད་འཇུག/A_Metadata/R7C4F81AA སྤྱོད་འཇུག་འགྲེལ་པ་མཚུངས་མེད་བླ་མའི་ཞལ་རྒྱུན། - Metadata.xlsx,downloaded
61,C,C_TOC,སྤྱོད་འཇུག,R7C4F81AA སྤྱོད་འཇུག་འགྲེལ་པ་མཚུངས་མེད་བླ་མའི་ཞལ་རྒྱུན། - Clean Formatted Text with TOC.docx,document,1zHxX4YFwidEkrzGXZ_pMvFb_jPbEDU66eJXqPRr8XjY,https://docs.google.com/document/d/1zHxX4YFwidEkrzGXZ_pMvFb_jPbEDU66eJXqPRr8XjY/edit,Dzongsar/04_སྤྱོད་འཇུག/C_TOC/R7C4F81AA སྤྱོད་འཇུག་འགྲེལ་པ་མཚུངས་མེད་བླ་མའི་ཞལ་རྒྱུན། - Clean Format.docx,downloaded
61,H,H_Root_text,སྤྱོད་འཇུག,R7C4F81AA སྤྱོད་འཇུག རྕ་བ། - Root text Tsadrel,document,1i0khtrnfcRr0FZvQJpyPiPKfDGXKWse2bYInXh6Tbtg,https://docs.google.com/document/d/1i0khtrnfcRr0FZvQJpyPiPKfDGXKWse2bYInXh6Tbtg/edit,Dzongsar/04_སྤྱོད་འཇུག/H_Root_text/R7C4F81AA སྤྱོད་འཇུག རྕ་བ། - Root text Tsadrel.docx,downloaded
61,I,I_Commentary_OtherLang,སྤྱོད་འཇུག,R7C4F81AA སྤྱོད་འཇུག་འགྲེལ་པ་མཚུངས་མེད་བླ་མའི་ཞལ་རྒྱུན། - Commentary Tsadrel Alignment,document,1aqNezPTIYQSopVWA3W26wQymWjnO2bJhNZvPucdy80c,https://docs.google.com/document/d/1aqNezPTIYQSopVWA3W26wQymWjnO2bJhNZvPucdy80c/edit,Dzongsar/04_སྤྱོད་འཇུག/I_Commentary_OtherLang/R7C4F81AA སྤྱོད་འཇུག་འགྲེལ་པ་མཚུངས་མེད་བླ་མའི་ཞལ་རྒྱུན། - Commentary T.docx,downloaded
62,A,A_Metadata,སྤྱོད་འཇུག,R4FF99FF8 སྤྱོད་འཇུག་འགྲེལ་པ་གཞུང་དོན་རབ་གསལ་སྣང་བ། - Metadata,spreadsheets,16bhxlLEyW0cRCcMYdE3ajmYuKq4jgr_d0V7K677YYyI,https://docs.google.com/spreadsheets/d/16bhxlLEyW0cRCcMYdE3ajmYuKq4jgr_d0V7K677YYyI/edit,Dzongsar/04_སྤྱོད་འཇུག/A_Metadata/R4FF99FF8 སྤྱོད་འཇུག་འགྲེལ་པ་གཞུང་དོན་རབ་གསལ་སྣང་བ། - Metadata.xlsx,downloaded
62,C,C_TOC,སྤྱོད་འཇུག,R4FF99FF8 སྤྱོད་འཇུག་འགྲེལ་པ་གཞུང་དོན་རབ་གསལ་སྣང་བ། - Clean Formatted Text with TOC.docx,document,1HmlQOVSyNjRG4yO_wjC1JHT_ZACR-1FRrH22uBJ6qLU,https://docs.google.com/document/d/1HmlQOVSyNjRG4yO_wjC1JHT_ZACR-1FRrH22uBJ6qLU/edit,Dzongsar/04_སྤྱོད་འཇུག/C_TOC/R4FF99FF8 སྤྱོད་འཇུག་འགྲེལ་པ་གཞུང་དོན་རབ་གསལ་སྣང་བ། - Clean Formatted.docx,downloaded
62,H,H_Root_text,སྤྱོད་འཇུག,R4FF99FF8 སྤྱོད་འཇུག རྕ་བ། - Root text Tsadrel,document,1DFLWkpkAvFPKvKsIvqIQYaexP6nzuXASwKlQ52mj77g,https://docs.google.com/document/d/1DFLWkpkAvFPKvKsIvqIQYaexP6nzuXASwKlQ52mj77g/edit,Dzongsar/04_སྤྱོད་འཇུག/H_Root_text/R4FF99FF8 སྤྱོད་འཇུག རྕ་བ། - Root text Tsadrel.docx,downloaded
62,I,I_Commentary_OtherLang,སྤྱོད་འཇུག,R4FF99FF8 སྤྱོད་འཇུག་འགྲེལ་པ་གཞུང་དོན་རབ་གསལ་སྣང་བ། - Commentary Tsadrel Alignment,document,1ODOvbcWDNnE3DiIh24ktE4CuZXXIsQ8zPpvy93htY5c,https://docs.google.com/document/d/1ODOvbcWDNnE3DiIh24ktE4CuZXXIsQ8zPpvy93htY5c/edit,Dzongsar/04_སྤྱོད་འཇུག/I_Commentary_OtherLang/R4FF99FF8 སྤྱོད་འཇུག་འགྲེལ་པ་གཞུང་དོན་རབ་གསལ་སྣང་བ། - Commentary Tsadr.docx,downloaded
63,A,A_Metadata,སྤྱོད་འཇུག,R9B72A4A4 བྱང་ཆུབ་ཀྱི་སྤྱོད་པ་ལ་འཇུག་པའི་དགོངས་པའི་འགྲེལ་པ་ཁྱད་པར་གསལ་བྱེད། - Metadata,spreadsheets,1jMoN1LdngqOrPxThu8t849YjRvrsErgOzQaJU2nnrFM,https://docs.google.com/spreadsheets/d/1jMoN1LdngqOrPxThu8t849YjRvrsErgOzQaJU2nnrFM/edit,Dzongsar/04_སྤྱོད་འཇུག/A_Metadata/R9B72A4A4 བྱང་ཆུབ་ཀྱི་སྤྱོད་པ་ལ་འཇུག་པའི་དགོངས་པའི་འགྲེལ་པ་ཁྱད་པར་གསལ་.xlsx,downloaded
63,C,C_TOC,སྤྱོད་འཇུག,R9B72A4A4 བྱང་ཆུབ་ཀྱི་སྤྱོད་པ་ལ་འཇུག་པའི་དགོངས་པའི་འགྲེལ་པ་ཁྱད་པར་གསལ་བྱེད། - Clean Formatted Text with TOC.docx,document,1gnacVGgouKZRD7y6A3T0V63Rd-sBnBuew-24YkdMmLA,https://docs.google.com/document/d/1gnacVGgouKZRD7y6A3T0V63Rd-sBnBuew-24YkdMmLA/edit,Dzongsar/04_སྤྱོད་འཇུག/C_TOC/R9B72A4A4 བྱང་ཆུབ་ཀྱི་སྤྱོད་པ་ལ་འཇུག་པའི་དགོངས་པའི་འགྲེལ་པ་ཁྱད་པར་གསལ་.docx,downloaded
63,H,H_Root_text,སྤྱོད་འཇུག,R9B72A4A4 སྤྱོད་འཇུག རྕ་བ། - Root text Tsadrel,document,1MeHBbeRkylIXCn9Goy5Vos8FKFEwuHMtcSHjcfHowzw,https://docs.google.com/document/d/1MeHBbeRkylIXCn9Goy5Vos8FKFEwuHMtcSHjcfHowzw/edit,Dzongsar/04_སྤྱོད་འཇུག/H_Root_text/R9B72A4A4 སྤྱོད་འཇུག རྕ་བ། - Root text Tsadrel.docx,downloaded
63,I,I_Commentary_OtherLang,སྤྱོད་འཇུག,R9B72A4A4 བྱང་ཆུབ་ཀྱི་སྤྱོད་པ་ལ་འཇུག་པའི་དགོངས་པའི་འགྲེལ་པ་ཁྱད་པར་གསལ་བྱེད། - Commentary Tsadrel Alignment,document,1d5_KzWLsECOPvi-QSMYrydVm8FGUWh9lsQPg9NVKi_s,https://docs.google.com/document/d/1d5_KzWLsECOPvi-QSMYrydVm8FGUWh9lsQPg9NVKi_s/edit,Dzongsar/04_སྤྱོད་འཇུག/I_Commentary_OtherLang/R9B72A4A4 བྱང་ཆུབ་ཀྱི་སྤྱོད་པ་ལ་འཇུག་པའི་དགོངས་པའི་འགྲེལ་པ་ཁྱད་པར་གསལ་.docx,downloaded
64,A,A_Metadata,སྤྱོད་འཇུག,R6F6FCD5B སྤྱོད་འཇུག་འགྲེལ་པ་ངེས་ལེགས་མཛོད། - Metadata,spreadsheets,1HdnDts4_eh8tHWey2kfwPFChM3i_D_rAcTClad_rjNA,https://docs.google.com/spreadsheets/d/1HdnDts4_eh8tHWey2kfwPFChM3i_D_rAcTClad_rjNA/edit,Dzongsar/04_སྤྱོད་འཇུག/A_Metadata/R6F6FCD5B སྤྱོད་འཇུག་འགྲེལ་པ་ངེས་ལེགས་མཛོད། - Metadata.xlsx,downloaded
64,C,C_TOC,སྤྱོད་འཇུག,R6F6FCD5B སྤྱོད་འཇུག་འགྲེལ་པ་ངེས་ལེགས་མཛོད། - Clean Formatted Text with TOC.docx,document,1h4rb4mh-W0a8ZVDqSlskf74qJktVcx8n36oxQQ2K860,https://docs.google.com/document/d/1h4rb4mh-W0a8ZVDqSlskf74qJktVcx8n36oxQQ2K860/edit,Dzongsar/04_སྤྱོད་འཇུག/C_TOC/R6F6FCD5B སྤྱོད་འཇུག་འགྲེལ་པ་ངེས་ལེགས་མཛོད། - Clean Formatted Text wit.docx,downloaded
64,H,H_Root_text,སྤྱོད་འཇུག,R6F6FCD5B སྤྱོད་འཇུག རྕ་བ། - Root text Tsadrel,document,1eRBpPJ4m-iBOvhV6Kvhrgid3J1L9s0R6IO-LXRaAlSQ,https://docs.google.com/document/d/1eRBpPJ4m-iBOvhV6Kvhrgid3J1L9s0R6IO-LXRaAlSQ/edit,Dzongsar/04_སྤྱོད་འཇུག/H_Root_text/R6F6FCD5B སྤྱོད་འཇུག རྕ་བ། - Root text Tsadrel.docx,downloaded
64,I,I_Commentary_OtherLang,སྤྱོད་འཇུག,R6F6FCD5B སྤྱོད་འཇུག་འགྲེལ་པ་ངེས་ལེགས་མཛོད། - Commentary Tsadrel Alignment,document,1YoiEVOZ3yKwpJMMV0MmbQARck3aI-0xUTYIKfTQdXdE,https://docs.google.com/document/d/1YoiEVOZ3yKwpJMMV0MmbQARck3aI-0xUTYIKfTQdXdE/edit,Dzongsar/04_སྤྱོད་འཇུག/I_Commentary_OtherLang/R6F6FCD5B སྤྱོད་འཇུག་འགྲེལ་པ་ངེས་ལེགས་མཛོད། - Commentary Tsadrel Align.docx,downloaded
65,A,A_Metadata,སྤྱོད་འཇུག,R5AE8A774 བྱང་ཆུབ་སེམས་དཔའི་སྤྱོད་པ་ལ་འཇུག་པའི་རྣམ་པར་བཤད་པ་ཐེག་ཆེན་ཆོས་ཀྱི་རྒྱ་མཚོ་ཟབ་རྒྱས་མཐའ་ཡས་པའི་སྙིང་པོ། - Metadata,spreadsheets,16sHNum9GmUGx9TsUxkuQwnFIQt5a8hDoS77Mza41KR8,https://docs.google.com/spreadsheets/d/16sHNum9GmUGx9TsUxkuQwnFIQt5a8hDoS77Mza41KR8/edit,Dzongsar/04_སྤྱོད་འཇུག/A_Metadata/R5AE8A774 བྱང་ཆུབ་སེམས་དཔའི་སྤྱོད་པ་ལ་འཇུག་པའི་རྣམ་པར་བཤད་པ་ཐེག་ཆེན་ཆོ.xlsx,downloaded
65,C,C_TOC,སྤྱོད་འཇུག,R5AE8A774 བྱང་ཆུབ་སེམས་དཔའི་སྤྱོད་པ་ལ་འཇུག་པའི་རྣམ་པར་བཤད་པ་ཐེག་ཆེན་ཆོས་ཀྱི་རྒྱ་མཚོ་ཟབ་རྒྱས་མཐའ་ཡས་པའི་སྙིང་པོ། - Clean Formatted Text with TOC.docx,document,1nlzoWXEprcrGUsIJyXirMc1Ml6u0jiR7qSr2Hq2KcMU,https://docs.google.com/document/d/1nlzoWXEprcrGUsIJyXirMc1Ml6u0jiR7qSr2Hq2KcMU/edit,Dzongsar/04_སྤྱོད་འཇུག/C_TOC/R5AE8A774 བྱང་ཆུབ་སེམས་དཔའི་སྤྱོད་པ་ལ་འཇུག་པའི་རྣམ་པར་བཤད་པ་ཐེག་ཆེན་ཆོ.docx,downloaded
65,H,H_Root_text,སྤྱོད་འཇུག,R5AE8A774 སྤྱོད་འཇུག རྕ་བ། - Root text Tsadrel,document,1f_v6qajQU3FhKQmM0B_wwOD7JE7A1YbixzfaJFfDRjQ,https://docs.google.com/document/d/1f_v6qajQU3FhKQmM0B_wwOD7JE7A1YbixzfaJFfDRjQ/edit,Dzongsar/04_སྤྱོད་འཇུག/H_Root_text/R5AE8A774 སྤྱོད་འཇུག རྕ་བ། - Root text Tsadrel.docx,downloaded
65,I,I_Commentary_OtherLang,སྤྱོད་འཇུག,R5AE8A774 བྱང་ཆུབ་སེམས་དཔའི་སྤྱོད་པ་ལ་འཇུག་པའི་རྣམ་པར་བཤད་པ་ཐེག་ཆེན་ཆོས་ཀྱི་རྒྱ་མཚོ་ཟབ་རྒྱས་མཐའ་ཡས་པའི་སྙིང་པོ། - Commentary Tsadrel Alignment,document,13TpOmHkBYQ5EucS7fpwCK1DnenZejdAlzTfsNxJIzVo,https://docs.google.com/document/d/13TpOmHkBYQ5EucS7fpwCK1DnenZejdAlzTfsNxJIzVo/edit,Dzongsar/04_སྤྱོད་འཇུག/I_Commentary_OtherLang/R5AE8A774 བྱང་ཆུབ་སེམས་དཔའི་སྤྱོད་པ་ལ་འཇུག་པའི་རྣམ་པར་བཤད་པ་ཐེག་ཆེན་ཆོ.docx,downloaded
66,A,A_Metadata,སྤྱོད་འཇུག,R61DA15BC བྱང་ཆུབ་སེམས་དཔའི་སྤྱོད་པ་ལ་འཇུག་པའི་འགྲེལ་པ། - Metadata,spreadsheets,1F9Pgm4DaBfpPOCREaPj7oOZkdol6tvelERaozSpiiGQ,https://docs.google.com/spreadsheets/d/1F9Pgm4DaBfpPOCREaPj7oOZkdol6tvelERaozSpiiGQ/edit,Dzongsar/04_སྤྱོད་འཇུག/A_Metadata/R61DA15BC བྱང་ཆུབ་སེམས་དཔའི་སྤྱོད་པ་ལ་འཇུག་པའི་འགྲེལ་པ། - Metadata.xlsx,downloaded
66,C,C_TOC,སྤྱོད་འཇུག,R61DA15BC བྱང་ཆུབ་སེམས་དཔའི་སྤྱོད་པ་ལ་འཇུག་པའི་འགྲེལ་པ། - Clean Formatted Text with TOC.docx,document,1WjXXQkqsZjxkEHGbzaX9xrff4ZLPOIdhp3egTtM1hUo,https://docs.google.com/document/d/1WjXXQkqsZjxkEHGbzaX9xrff4ZLPOIdhp3egTtM1hUo/edit,Dzongsar/04_སྤྱོད་འཇུག/C_TOC/R61DA15BC བྱང་ཆུབ་སེམས་དཔའི་སྤྱོད་པ་ལ་འཇུག་པའི་འགྲེལ་པ། - Clean Format.docx,downloaded
66,H,H_Root_text,སྤྱོད་འཇུག,R61DA15BC སྤྱོད་འཇུག རྕ་བ། - Root text Tsadrel,document,1s-xkvQYk4JPEyxfAYJpe9cb-1BL6cdlTV_ht7PY9uAo,https://docs.google.com/document/d/1s-xkvQYk4JPEyxfAYJpe9cb-1BL6cdlTV_ht7PY9uAo/edit,Dzongsar/04_སྤྱོད་འཇུག/H_Root_text/R61DA15BC སྤྱོད་འཇུག རྕ་བ། - Root text Tsadrel.docx,downloaded
66,I,I_Commentary_OtherLang,སྤྱོད་འཇུག,R61DA15BC བྱང་ཆུབ་སེམས་དཔའི་སྤྱོད་པ་ལ་འཇུག་པའི་འགྲེལ་པ། - Commentary Tsadrel Alignment,document,1ENg20uTFac8-KXJ5Azfo4ChhPn1NELP0bhtpbFq8GN0,https://docs.google.com/document/d/1ENg20uTFac8-KXJ5Azfo4ChhPn1NELP0bhtpbFq8GN0/edit,Dzongsar/04_སྤྱོད་འཇུག/I_Commentary_OtherLang/R61DA15BC བྱང་ཆུབ་སེམས་དཔའི་སྤྱོད་པ་ལ་འཇུག་པའི་འགྲེལ་པ། - Commentary T.docx,downloaded
67,A,A_Metadata,སྤྱོད་འཇུག,R9ACAFA99 བྱང་ཆུབ་སེམས་དཔའི་སྤྱོད་པ་ལ་འཇུག་པའི་དཀའ་འགྲེལ། - Metadata,spreadsheets,1aheCuhlbyuN46VXox3v7p-5ozYxj525_YiOVhLcqR2Q,https://docs.google.com/spreadsheets/d/1aheCuhlbyuN46VXox3v7p-5ozYxj525_YiOVhLcqR2Q/edit,Dzongsar/04_སྤྱོད་འཇུག/A_Metadata/R9ACAFA99 བྱང་ཆུབ་སེམས་དཔའི་སྤྱོད་པ་ལ་འཇུག་པའི་དཀའ་འགྲེལ། - Metadata.xlsx,downloaded
67,C,C_TOC,སྤྱོད་འཇུག,R9ACAFA99 བྱང་ཆུབ་སེམས་དཔའི་སྤྱོད་པ་ལ་འཇུག་པའི་དཀའ་འགྲེལ། - Clean Formatted Text with TOC.docx,document,1Dgt6edxQpJ5suStuNLdmaSJMSHeCVIe2p4Ktx0Tw9vw,https://docs.google.com/document/d/1Dgt6edxQpJ5suStuNLdmaSJMSHeCVIe2p4Ktx0Tw9vw/edit,Dzongsar/04_སྤྱོད་འཇུག/C_TOC/R9ACAFA99 བྱང་ཆུབ་སེམས་དཔའི་སྤྱོད་པ་ལ་འཇུག་པའི་དཀའ་འགྲེལ། - Clean Form.docx,downloaded
67,H,H_Root_text,སྤྱོད་འཇུག,R9ACAFA99 སྤྱོད་འཇུག རྕ་བ། - Root text Tsadrel,document,1BuLC1TfFNF5scN6xi8d4N9cU26yUYEkdud_HUx2I0pk,https://docs.google.com/document/d/1BuLC1TfFNF5scN6xi8d4N9cU26yUYEkdud_HUx2I0pk/edit,Dzongsar/04_སྤྱོད་འཇུག/H_Root_text/R9ACAFA99 སྤྱོད་འཇུག རྕ་བ། - Root text Tsadrel.docx,downloaded
67,I,I_Commentary_OtherLang,སྤྱོད་འཇུག,R9ACAFA99 བྱང་ཆུབ་སེམས་དཔའི་སྤྱོད་པ་ལ་འཇུག་པའི་དཀའ་འགྲེལ། - Commentary Tsadrel Alignment,document,1vk68AGg45OhTlvu5gLNS0-IRsqBkrRQYZmx2X5H3q5c,https://docs.google.com/document/d/1vk68AGg45OhTlvu5gLNS0-IRsqBkrRQYZmx2X5H3q5c/edit,Dzongsar/04_སྤྱོད་འཇུག/I_Commentary_OtherLang/R9ACAFA99 བྱང་ཆུབ་སེམས་དཔའི་སྤྱོད་པ་ལ་འཇུག་པའི་དཀའ་འགྲེལ། - Commentary.docx,downloaded
68,A,A_Metadata,སྤྱོད་འཇུག,R7F7F6FC2 བྱང་ཆུབ་སེམས་དཔའི་སྤྱོད་པ་ལ་འཇུག་པའི་འགྲེལ་པ། - Metadata,spreadsheets,1xnHOQtEtXb2rqg_5OEBmb8eXT_dihDuRNsd0_kJZD0Q,https://docs.google.com/spreadsheets/d/1xnHOQtEtXb2rqg_5OEBmb8eXT_dihDuRNsd0_kJZD0Q/edit,Dzongsar/04_སྤྱོད་འཇུག/A_Metadata/R7F7F6FC2 བྱང་ཆུབ་སེམས་དཔའི་སྤྱོད་པ་ལ་འཇུག་པའི་འགྲེལ་པ། - Metadata.xlsx,downloaded
68,C,C_TOC,སྤྱོད་འཇུག,R7F7F6FC2 བྱང་ཆུབ་སེམས་དཔའི་སྤྱོད་པ་ལ་འཇུག་པའི་འགྲེལ་པ། - Clean Formatted Text with TOC.docx,document,1SNi9WDj1UKiAoBMdtdUvolMAFjpSnB0jU4q-7LwnS1s,https://docs.google.com/document/d/1SNi9WDj1UKiAoBMdtdUvolMAFjpSnB0jU4q-7LwnS1s/edit,Dzongsar/04_སྤྱོད་འཇུག/C_TOC/R7F7F6FC2 བྱང་ཆུབ་སེམས་དཔའི་སྤྱོད་པ་ལ་འཇུག་པའི་འགྲེལ་པ། - Clean Format.docx,downloaded
68,H,H_Root_text,སྤྱོད་འཇུག,R7F7F6FC2 སྤྱོད་འཇུག རྕ་བ། - Root text Tsadrel,document,1JufPZvowqldOn6g8HqT9gbIQ_W6fWO85FS91gqz2U0o,https://docs.google.com/document/d/1JufPZvowqldOn6g8HqT9gbIQ_W6fWO85FS91gqz2U0o/edit,Dzongsar/04_སྤྱོད་འཇུག/H_Root_text/R7F7F6FC2 སྤྱོད་འཇུག རྕ་བ། - Root text Tsadrel.docx,downloaded
68,I,I_Commentary_OtherLang,སྤྱོད་འཇུག,R7F7F6FC2 བྱང་ཆུབ་སེམས་དཔའི་སྤྱོད་པ་ལ་འཇུག་པའི་འགྲེལ་པ། - Commentary Tsadrel Alignment,document,1tTfltjqZrTEPdBXdFuhfeSolhNICzEHydVsfORJnOeM,https://docs.google.com/document/d/1tTfltjqZrTEPdBXdFuhfeSolhNICzEHydVsfORJnOeM/edit,Dzongsar/04_སྤྱོད་འཇུག/I_Commentary_OtherLang/R7F7F6FC2 བྱང་ཆུབ་སེམས་དཔའི་སྤྱོད་པ་ལ་འཇུག་པའི་འགྲེལ་པ། - Commentary T.docx,downloaded
69,A,A_Metadata,སྤྱོད་འཇུག,R7D2C5953 སྤྱོད་འཇུག་འགྲེལ་པ་རབ་ཏུ་གསལ་བ། - Metadata,spreadsheets,12ntn_umcMdlo1l2NR5b-v5gVtGyjvlwtR9AyfvDUs_k,https://docs.google.com/spreadsheets/d/12ntn_umcMdlo1l2NR5b-v5gVtGyjvlwtR9AyfvDUs_k/edit,Dzongsar/04_སྤྱོད་འཇུག/A_Metadata/R7D2C5953 སྤྱོད་འཇུག་འགྲེལ་པ་རབ་ཏུ་གསལ་བ། - Metadata.xlsx,downloaded
69,C,C_TOC,སྤྱོད་འཇུག,R7D2C5953 སྤྱོད་འཇུག་འགྲེལ་པ་རབ་ཏུ་གསལ་བ། - Clean Formatted Text with TOC.docx,document,1h2V-psCIwvgJuALeP0OHw1VRdJEFQSmvCdsWn0MlvqI,https://docs.google.com/document/d/1h2V-psCIwvgJuALeP0OHw1VRdJEFQSmvCdsWn0MlvqI/edit,Dzongsar/04_སྤྱོད་འཇུག/C_TOC/R7D2C5953 སྤྱོད་འཇུག་འགྲེལ་པ་རབ་ཏུ་གསལ་བ། - Clean Formatted Text with.docx,downloaded
69,H,H_Root_text,སྤྱོད་འཇུག,R7D2C5953 སྤྱོད་འཇུག རྕ་བ། - Root text Tsadrel,document,1RpIE48cU3BeTJZNE9oBJTAcNloumP8fNBJfSjP77orU,https://docs.google.com/document/d/1RpIE48cU3BeTJZNE9oBJTAcNloumP8fNBJfSjP77orU/edit,Dzongsar/04_སྤྱོད་འཇུག/H_Root_text/R7D2C5953 སྤྱོད་འཇུག རྕ་བ། - Root text Tsadrel.docx,downloaded
69,I,I_Commentary_OtherLang,སྤྱོད་འཇུག,R7D2C5953 སྤྱོད་འཇུག་འགྲེལ་པ་རབ་ཏུ་གསལ་བ། - Commentary Tsadrel Alignment,document,1ydOLJcc1iZTl2wBd74s6l1T_uIShgCY1iTIsgpf0kFc,https://docs.google.com/document/d/1ydOLJcc1iZTl2wBd74s6l1T_uIShgCY1iTIsgpf0kFc/edit,Dzongsar/04_སྤྱོད་འཇུག/I_Commentary_OtherLang/R7D2C5953 སྤྱོད་འཇུག་འགྲེལ་པ་རབ་ཏུ་གསལ་བ། - Commentary Tsadrel Alignme.docx,downloaded
70,A,A_Metadata,སྤྱོད་འཇུག,R0507CCC1 སྤྱོད་འཇུག་གི་ཚིག་འགྲེལ་གཅེས་བཏུས། - Metadata,spreadsheets,1TE_Ny4m11YV6hEoSCWTQleo83dOvPAg00W2oopTejLs,https://docs.google.com/spreadsheets/d/1TE_Ny4m11YV6hEoSCWTQleo83dOvPAg00W2oopTejLs/edit,Dzongsar/04_སྤྱོད་འཇུག/A_Metadata/R0507CCC1 སྤྱོད་འཇུག་གི་ཚིག་འགྲེལ་གཅེས་བཏུས། - Metadata.xlsx,downloaded
70,C,C_TOC,སྤྱོད་འཇུག,R0507CCC1 སྤྱོད་འཇུག་གི་ཚིག་འགྲེལ་གཅེས་བཏུས། - Clean Formatted Text with TOC.docx,document,1YBb9M-WiIhQ2Y_KSQfYtBTiuJhh99lSmAS09WV6QEjQ,https://docs.google.com/document/d/1YBb9M-WiIhQ2Y_KSQfYtBTiuJhh99lSmAS09WV6QEjQ/edit,Dzongsar/04_སྤྱོད་འཇུག/C_TOC/R0507CCC1 སྤྱོད་འཇུག་གི་ཚིག་འགྲེལ་གཅེས་བཏུས། - Clean Formatted Text wi.docx,downloaded
70,H,H_Root_text,སྤྱོད་འཇུག,R0507CCC1 སྤྱོད་འཇུག རྕ་བ། - Root text Tsadrel,document,12z1gejAYs0dUEwgzKpsH5C7A4J8M2z2_eariH8wk2lU,https://docs.google.com/document/d/12z1gejAYs0dUEwgzKpsH5C7A4J8M2z2_eariH8wk2lU/edit,Dzongsar/04_སྤྱོད་འཇུག/H_Root_text/R0507CCC1 སྤྱོད་འཇུག རྕ་བ། - Root text Tsadrel.docx,downloaded
70,I,I_Commentary_OtherLang,སྤྱོད་འཇུག,R0507CCC1 སྤྱོད་འཇུག་གི་ཚིག་འགྲེལ་གཅེས་བཏུས། - Commentary Tsadrel Alignment,document,17Wk15ZKgvnfSRBq0S0BoGdh-Fw5OfinwTnlBQVYQ-Yk,https://docs.google.com/document/d/17Wk15ZKgvnfSRBq0S0BoGdh-Fw5OfinwTnlBQVYQ-Yk/edit,Dzongsar/04_སྤྱོད་འཇུག/I_Commentary_OtherLang/R0507CCC1 སྤྱོད་འཇུག་གི་ཚིག་འགྲེལ་གཅེས་བཏུས། - Commentary Tsadrel Alig.docx,downloaded
71,A,A_Metadata,སྤྱོད་འཇུག,R7F788F87 བྱང་ཆུབ་སེམས་དཔའི་སྤྱོད་པ་ལ་འཇུག་པའི་འགྲེལ་བཤད་རྒྱལ་སྲས་རྒྱ་མཚོའི་ཡོན་ཏན་རིན་པོ་ཆེ་མི་ཟད་འཇོ་བའི་བུམ་བཟང་། - Metadata,spreadsheets,1LacvEaUXeqaMvlkui-O6AVOhG8YcRBchh_SPs_0lRA4,https://docs.google.com/spreadsheets/d/1LacvEaUXeqaMvlkui-O6AVOhG8YcRBchh_SPs_0lRA4/edit,Dzongsar/04_སྤྱོད་འཇུག/A_Metadata/R7F788F87 བྱང་ཆུབ་སེམས་དཔའི་སྤྱོད་པ་ལ་འཇུག་པའི་འགྲེལ་བཤད་རྒྱལ་སྲས་རྒྱ་.xlsx,downloaded
71,C,C_TOC,སྤྱོད་འཇུག,R7F788F87 བྱང་ཆུབ་སེམས་དཔའི་སྤྱོད་པ་ལ་འཇུག་པའི་འགྲེལ་བཤད་རྒྱལ་སྲས་རྒྱ་མཚོའི་ཡོན་ཏན་རིན་པོ་ཆེ་མི་ཟད་འཇོ་བའི་བུམ་བཟང་། - Clean Formatted Text with TOC.docx,document,10Nu6Wm4RMTZ3X1qi9rrqQBmYsoKHlS_FAJ7fsySPZ2o,https://docs.google.com/document/d/10Nu6Wm4RMTZ3X1qi9rrqQBmYsoKHlS_FAJ7fsySPZ2o/edit,Dzongsar/04_སྤྱོད་འཇུག/C_TOC/R7F788F87 བྱང་ཆུབ་སེམས་དཔའི་སྤྱོད་པ་ལ་འཇུག་པའི་འགྲེལ་བཤད་རྒྱལ་སྲས་རྒྱ་.docx,downloaded
71,H,H_Root_text,སྤྱོད་འཇུག,R7F788F87 སྤྱོད་འཇུག རྕ་བ། - Root text Tsadrel,document,1Nx2tfzCDlklGBhm0KA1cgAaO7UBfkJcOwM1go20BfzI,https://docs.google.com/document/d/1Nx2tfzCDlklGBhm0KA1cgAaO7UBfkJcOwM1go20BfzI/edit,Dzongsar/04_སྤྱོད་འཇུག/H_Root_text/R7F788F87 སྤྱོད་འཇུག རྕ་བ། - Root text Tsadrel.docx,downloaded
71,I,I_Commentary_OtherLang,སྤྱོད་འཇུག,R7F788F87 བྱང་ཆུབ་སེམས་དཔའི་སྤྱོད་པ་ལ་འཇུག་པའི་འགྲེལ་བཤད་རྒྱལ་སྲས་རྒྱ་མཚོའི་ཡོན་ཏན་རིན་པོ་ཆེ་མི་ཟད་འཇོ་བའི་བུམ་བཟང་། - Commentary Tsadrel Alignment,document,1_CCk-lb-ExlCpsklTFsCB4vYExWduPfW4Ih57Ulr0V0,https://docs.google.com/document/d/1_CCk-lb-ExlCpsklTFsCB4vYExWduPfW4Ih57Ulr0V0/edit,Dzongsar/04_སྤྱོད་འཇུག/I_Commentary_OtherLang/R7F788F87 བྱང་ཆུབ་སེམས་དཔའི་སྤྱོད་པ་ལ་འཇུག་པའི་འགྲེལ་བཤད་རྒྱལ་སྲས་རྒྱ་.docx,downloaded
75,A,A_Metadata,སྤྱོད་འཇུག,R93128D03 ཤེར་སྙིང་རྣམ་བཤད་ཡུམ་དོན་རབ་གསལ།,drive,1SNYG4wjUjP94OifC7H-u0J9QMErBmpTK,https://drive.google.com/open?id=1SNYG4wjUjP94OifC7H-u0J9QMErBmpTK,,FAILED
75,I,I_Commentary_OtherLang,སྤྱོད་འཇུག,R93128D03 ཤེར་སྙིང་རྣམ་བཤད་ཡུམ་དོན་རབ་གསལ།-Segmentation,drive,17CSHZC8_CQqebOEBnnF2Fbu44VgcPxwGGuEbpgXui6g,https://drive.google.com/open?id=17CSHZC8_CQqebOEBnnF2Fbu44VgcPxwGGuEbpgXui6g,Dzongsar/04_སྤྱོད་འཇུག/I_Commentary_OtherLang/R93128D03 ཤེར་སྙིང་རྣམ་བཤད་ཡུམ་དོན་རབ་གསལ།-Segmentation.docx,downloaded
75,Q,Col_Q,སྤྱོད་འཇུག,https://library.bdrc.io/show/bdr:MW28942_5219E7,external,,https://library.bdrc.io/show/bdr:MW28942_5219E7,,external-link
76,A,A_Metadata,སྤྱོད་འཇུག,R73677AF7 ཤེར་རབ་སྙིང་པོའི་རྣམ་བཤད་ཟབ་མོའི་དེ་ཁོ་ན་ཉིད་གསལ་བར་བྱེད་པའི་ཉི་མ།,drive,1W_r09Ofjs2hHohG69Xc2RRAFklNiMuID,https://drive.google.com/open?id=1W_r09Ofjs2hHohG69Xc2RRAFklNiMuID,,FAILED
76,I,I_Commentary_OtherLang,སྤྱོད་འཇུག,R73677AF7 ཤེར་རབ་སྙིང་པོའི་རྣམ་བཤད་ཟབ་མོའི་དེ་ཁོ་ན་ཉིད་གསལ་བར་བྱེད་པའི་ཉི་མ།-Segmentation,drive,1WDnPgvs4fel18sNW6gfWto9EFzkwztrkOyh98DQYR-M,https://drive.google.com/open?id=1WDnPgvs4fel18sNW6gfWto9EFzkwztrkOyh98DQYR-M,Dzongsar/04_སྤྱོད་འཇུག/I_Commentary_OtherLang/R73677AF7 ཤེར་རབ་སྙིང་པོའི་རྣམ་བཤད་ཟབ་མོའི་དེ་ཁོ་ན་ཉིད་གསལ་བར་བྱེད་པའི.docx,downloaded
76,Q,Col_Q,སྤྱོད་འཇུག,http://purl.bdrc.io/resource/WA0XLB01FCA67F626,external,,http://purl.bdrc.io/resource/WA0XLB01FCA67F626,,external-link
77,A,A_Metadata,སྤྱོད་འཇུག,R4D2984CC ཤེས་རབ་སྙིང་པོའི་འགྲེལ་པ་དོན་གསལ་ནོར་བུའི་འོད།,drive,1skzZriCdYzSvrTnmAtsdqvqG0uIQhHxx,https://drive.google.com/open?id=1skzZriCdYzSvrTnmAtsdqvqG0uIQhHxx,,FAILED
77,I,I_Commentary_OtherLang,སྤྱོད་འཇུག,R4D2984CC ཤེས་རབ་སྙིང་པོའི་འགྲེལ་པ་དོན་གསལ་ནོར་བུའི་འོད།-Segmentation,drive,1LbqOl81uQv7sBig4YTvtNz9VF6P8bTnFERIpXrGSIGU,https://drive.google.com/open?id=1LbqOl81uQv7sBig4YTvtNz9VF6P8bTnFERIpXrGSIGU,Dzongsar/04_སྤྱོད་འཇུག/I_Commentary_OtherLang/R4D2984CC ཤེས་རབ་སྙིང་པོའི་འགྲེལ་པ་དོན་གསལ་ནོར་བུའི་འོད།-Segmentation.docx,downloaded
77,Q,Col_Q,སྤྱོད་འཇུག,http://purl.bdrc.io/resource/WA7303,external,,http://purl.bdrc.io/resource/WA7303,,external-link
78,A,A_Metadata,སྤྱོད་འཇུག,RF09D1EEF ཤེར་སྙིང་རྣམ་བཤད་སྙིང་པོ་གསལ་བྱེད།,drive,15MCgrdzhAlfg3Z0vjweCfQoVyJrFCtA8,https://drive.google.com/open?id=15MCgrdzhAlfg3Z0vjweCfQoVyJrFCtA8,,FAILED
78,I,I_Commentary_OtherLang,སྤྱོད་འཇུག,RF09D1EEF ཤེར་སྙིང་རྣམ་བཤད་སྙིང་པོ་གསལ་བྱེད།--Segmentation,drive,1-FDfIL9vOdZz2nLSX3-gtQd1ZJf8snEzpqluA2qAACY,https://drive.google.com/open?id=1-FDfIL9vOdZz2nLSX3-gtQd1ZJf8snEzpqluA2qAACY,Dzongsar/04_སྤྱོད་འཇུག/I_Commentary_OtherLang/RF09D1EEF ཤེར་སྙིང་རྣམ་བཤད་སྙིང་པོ་གསལ་བྱེད།--Segmentation.docx,downloaded
78,Q,Col_Q,སྤྱོད་འཇུག,http://purl.bdrc.io/resource/WA00EGS1016937,external,,http://purl.bdrc.io/resource/WA00EGS1016937,,external-link
79,A,A_Metadata,སྤྱོད་འཇུག,RBEAD9D91 ཤེར་སྙིང་གི་མདོའི་སྦས་དོན་མངོན་རྟོགས་གསལ་བའི་ཉི་མ།,drive,1S_Tf6mqLm0wpD8htlcmSNBnDaIR3cb9G,https://drive.google.com/open?id=1S_Tf6mqLm0wpD8htlcmSNBnDaIR3cb9G,,FAILED
79,I,I_Commentary_OtherLang,སྤྱོད་འཇུག,RBEAD9D91 ཤེར་སྙིང་གི་མདོའི་སྦས་དོན་མངོན་རྟོགས་གསལ་བའི་ཉི་མ། B-2 Segmentation,drive,1gkIKOXzUbe7-my0TQJlDe17_CXusmQH5fBFDfMvKXjY,https://drive.google.com/open?id=1gkIKOXzUbe7-my0TQJlDe17_CXusmQH5fBFDfMvKXjY,Dzongsar/04_སྤྱོད་འཇུག/I_Commentary_OtherLang/RBEAD9D91 ཤེར་སྙིང་གི་མདོའི་སྦས་དོན་མངོན་རྟོགས་གསལ་བའི་ཉི་མ། B-2 Segme.docx,downloaded
79,Q,Col_Q,སྤྱོད་འཇུག,http://purl.bdrc.io/resource/WA0XLB7BAC4C14643,external,,http://purl.bdrc.io/resource/WA0XLB7BAC4C14643,,external-link
80,A,A_Metadata,སྤྱོད་འཇུག,R46878C73 ཤེས་རབ་སྙིང་པོའི་འགྲེལ་བ་ཟབ་མོ་སྣང་བའི་གཏེར་སྒོ་ཞེས་བྱ་བ་བཞུགས་སོ། །,drive,1rg_oGzmXxJnYx19qSpjWJxOaWkamVZUM,https://drive.google.com/open?id=1rg_oGzmXxJnYx19qSpjWJxOaWkamVZUM,,FAILED
80,I,I_Commentary_OtherLang,སྤྱོད་འཇུག,R46878C73ཤེས་རབ་སྙིང་པོའི་འགྲེལ་བ་ཟབ་མོ་སྣང་བའི་གཏེར་སྒོ་ཞེས་བྱ་བ་བཞུགས་སོ། - Segmentation,drive,1ddhbU4Ihww-XeWrX9ghq3tgv8s4Onhlcq5s69uccKXY,https://drive.google.com/open?id=1ddhbU4Ihww-XeWrX9ghq3tgv8s4Onhlcq5s69uccKXY,Dzongsar/04_སྤྱོད་འཇུག/I_Commentary_OtherLang/R46878C73ཤེས་རབ་སྙིང་པོའི་འགྲེལ་བ་ཟབ་མོ་སྣང་བའི་གཏེར་སྒོ་ཞེས་བྱ་བ་བཞུག.docx,downloaded
80,Q,Col_Q,སྤྱོད་འཇུག,http://purl.bdrc.io/resource/MW1KG24246,external,,http://purl.bdrc.io/resource/MW1KG24246,,external-link
81,A,A_Metadata,སྤྱོད་འཇུག,RA6E8F24A ཤེས་རབ་སྙིང་པོའི་མཆན་འགྲེལ་མདོར་བསྡུས།,drive,1M1vl9RaRYx3jCBGgFr1lB1eT69fSaJ0Z,https://drive.google.com/open?id=1M1vl9RaRYx3jCBGgFr1lB1eT69fSaJ0Z,,FAILED
81,I,I_Commentary_OtherLang,སྤྱོད་འཇུག,RA6E8F24A  ཤེས་རབ་སྙིང་པོའི་མཆན་འགྲེལ་མདོར་བསྡུས། -Segmentation,drive,1OXXjYOfWNmJB99MitAUP3CVaMC0H7Bp5nOp4mkC0gGg,https://drive.google.com/open?id=1OXXjYOfWNmJB99MitAUP3CVaMC0H7Bp5nOp4mkC0gGg,Dzongsar/04_སྤྱོད་འཇུག/I_Commentary_OtherLang/RA6E8F24A ཤེས་རབ་སྙིང་པོའི་མཆན་འགྲེལ་མདོར་བསྡུས། -Segmentation.docx,downloaded
81,Q,Col_Q,སྤྱོད་འཇུག,http://purl.bdrc.io/resource/WA0XL11F97427B40A,external,,http://purl.bdrc.io/resource/WA0XL11F97427B40A,,external-link